{"/index.html": {"hash": "d1546d731a9f30cc80127d57142a482b", "headers": [{"Content-Type": "text/html; charset=utf-8"}, {"vary": "Accept-Encoding"}, {"x-powered-by": "Next.js"}, {"CF-Cache-Status": "DYNAMIC"}, {"Report-To": "{\"endpoints\":[{\"url\":\"https:\\/\\/a.nel.cloudflare.com\\/report\\/v3?s=M33dmnRSTojI3w5jnsPl6YaVicYxxeIW3V1xtYPG%2BUnEvPbgWO5rzqffO%2BXEHm%2Fswq9y2xls9R7tE04bUg1Uf7cHKw8ln0Bz5%2Feuk7O8cygOuh4dtDamvfq5W8B%2B33CGPaS%2B%2FA%3D%3D\"}],\"group\":\"cf-nel\",\"max_age\":604800}"}, {"NEL": "{\"success_fraction\":0,\"report_to\":\"cf-nel\",\"max_age\":604800}"}, {"Server": "cloudflare"}, {"CF-RAY": "81f45363d9385f60-SIN"}, {"alt-svc": "h3=\":443\"; ma=86400"}]}, "/status_404": {"hash": "bacfa45149ffbe8dbff34609bf56d748", "headers": [{"Content-Type": "text/html; charset=utf-8"}, {"vary": "Accept-Encoding"}, {"x-powered-by": "Next.js"}, {"CF-Cache-Status": "DYNAMIC"}, {"Report-To": "{\"endpoints\":[{\"url\":\"https:\\/\\/a.nel.cloudflare.com\\/report\\/v3?s=ez7k%2F4xxcKjQ3iXzfsr0HOhWTRG4eV6yPTFmAdj23zmIReeHUz%2BNaPtbkJzfbXn2of7ihD85whwgEo2xEo1IJsX%2Bfg%2FpubVHiSh%2B5%2BPrv0pOTKjS4bR3zJB8SlsMdGiRXCtdUg%3D%3D\"}],\"group\":\"cf-nel\",\"max_age\":604800}"}, {"NEL": "{\"success_fraction\":0,\"report_to\":\"cf-nel\",\"max_age\":604800}"}, {"Server": "cloudflare"}, {"CF-RAY": "81f453689f544112-SIN"}, {"alt-svc": "h3=\":443\"; ma=86400"}]}, "/_next/static/css/f98b8d7e428acabb.css": {"hash": "887cedb65c3550022ccc52812d60d60d", "headers": [{"Content-Type": "text/css; charset=UTF-8"}, {"last-modified": "Tue, 31 Oct 2023 11:22:06 GMT"}, {"vary": "Accept-Encoding"}, {"CF-Cache-Status": "HIT"}, {"Report-To": "{\"endpoints\":[{\"url\":\"https:\\/\\/a.nel.cloudflare.com\\/report\\/v3?s=r1Jhi1y9tPNOAAEq%2Buy7m0gakciOeHKANnwqRGYYcZ3NyUrXicpErAAprxrK73ECqlaCnSvyHJ0i5H%2FBEa0bvSlwfShMAyX2zhW6weLbX3c2Pm4n1pC4qasawKPhJ0qTI6A8tQ%3D%3D\"}],\"group\":\"cf-nel\",\"max_age\":604800}"}, {"NEL": "{\"success_fraction\":0,\"report_to\":\"cf-nel\",\"max_age\":604800}"}, {"Server": "cloudflare"}, {"CF-RAY": "81f45368ffd54112-SIN"}, {"alt-svc": "h3=\":443\"; ma=86400"}]}, "/_next/static/chunks/pages/contact-us-147c9857c9f7d958.js": {"hash": "6405ac5d9b8c2017fd8b0a66643ab307", "headers": [{"Content-Type": "application/javascript; charset=UTF-8"}, {"last-modified": "Wed, 01 Nov 2023 07:23:47 GMT"}, {"vary": "Accept-Encoding"}, {"CF-Cache-Status": "HIT"}, {"Report-To": "{\"endpoints\":[{\"url\":\"https:\\/\\/a.nel.cloudflare.com\\/report\\/v3?s=TFZI4T4nGHGEMIH4Q2pj4PCdvCMdjOlQpdYTMzt3kfQx9eBWF5dODRD3%2Fy8Em447y8SaN%2FAzLD87RTbIlbbupRyhvNSbGMCMIwKvvPN96d3EXRvdRXg2n%2BKdwzAJBCMnEFrRYw%3D%3D\"}],\"group\":\"cf-nel\",\"max_age\":604800}"}, {"NEL": "{\"success_fraction\":0,\"report_to\":\"cf-nel\",\"max_age\":604800}"}, {"Server": "cloudflare"}, {"CF-RAY": "81f4536d7de44112-SIN"}, {"alt-svc": "h3=\":443\"; ma=86400"}]}, "/_next/static/chunks/pages/register-7e4db9b25ca5f491.js": {"hash": "fc7bd1608a3fa34114ed322bd1a1e44d", "headers": [{"Content-Type": "application/javascript; charset=UTF-8"}, {"last-modified": "Tue, 31 Oct 2023 11:22:06 GMT"}, {"vary": "Accept-Encoding"}, {"CF-Cache-Status": "HIT"}, {"Report-To": "{\"endpoints\":[{\"url\":\"https:\\/\\/a.nel.cloudflare.com\\/report\\/v3?s=plAWGUFPenXGq6Q%2BEWdcrl8ZlEvONja0bM3nAQsbbqfdBGYFqVg2SXCyBksjK5Oh4JeU3bIiFUdYO6pJOHpU3F3Yeov%2B0BMITEglRXj5XT3lQqF8%2F2Cyb%2FTmUm3QyhPQuxTemw%3D%3D\"}],\"group\":\"cf-nel\",\"max_age\":604800}"}, {"NEL": "{\"success_fraction\":0,\"report_to\":\"cf-nel\",\"max_age\":604800}"}, {"Server": "cloudflare"}, {"CF-RAY": "81f4536dae224112-SIN"}, {"alt-svc": "h3=\":443\"; ma=86400"}]}, "/_next/static/chunks/pages/all-game-91de6631e94ae381.js": {"hash": "131065faa244ea9c486944597ae998b1", "headers": [{"Content-Type": "application/javascript; charset=UTF-8"}, {"last-modified": "Wed, 01 Nov 2023 07:23:47 GMT"}, {"vary": "Accept-Encoding"}, {"CF-Cache-Status": "HIT"}, {"Report-To": "{\"endpoints\":[{\"url\":\"https:\\/\\/a.nel.cloudflare.com\\/report\\/v3?s=IV2jc9v0usrKzTQFp5et4%2BpPGQkwwgpO0Dfpr9Nh1mVSxkNt%2Fwk2BW3Fs5WlNMi0OJZY8fXOna%2Faj7D8INcCKitGiasrBAFhp5G73d7mKBxyKjwXFOPLMJAGT3eLrMmtgHZZtw%3D%3D\"}],\"group\":\"cf-nel\",\"max_age\":604800}"}, {"NEL": "{\"success_fraction\":0,\"report_to\":\"cf-nel\",\"max_age\":604800}"}, {"Server": "cloudflare"}, {"CF-RAY": "81f4536dee7c4112-SIN"}, {"alt-svc": "h3=\":443\"; ma=86400"}]}, "/_next/static/chunks/pages/referral-cbce61bbb72811b8.js": {"hash": "a6724a48429119ebc0c195051286eced", "headers": [{"Content-Type": "application/javascript; charset=UTF-8"}, {"last-modified": "Tue, 31 Oct 2023 11:22:06 GMT"}, {"vary": "Accept-Encoding"}, {"CF-Cache-Status": "HIT"}, {"Report-To": "{\"endpoints\":[{\"url\":\"https:\\/\\/a.nel.cloudflare.com\\/report\\/v3?s=99d1kV6M%2BqB1ldhbdrrpZavazkpzikhNfPEeqIxHYuG1eINvlgB4FsdPx6hHUZnhjml5QeYeYzDVS%2FgYDolkjhEqQxMJC1TInlIPg6vM3G%2BnBO56rkWhyr3NJvzkSfwLLa02GQ%3D%3D\"}],\"group\":\"cf-nel\",\"max_age\":604800}"}, {"NEL": "{\"success_fraction\":0,\"report_to\":\"cf-nel\",\"max_age\":604800}"}, {"Server": "cloudflare"}, {"CF-RAY": "81f4536e1ec24112-SIN"}, {"alt-svc": "h3=\":443\"; ma=86400"}]}, "/_next/static/chunks/pages/information/[slug]-4c0f15a8987440ad.js": {"hash": "21ad2409386bb65e4e69f59d52da695b", "headers": [{"Content-Type": "application/javascript; charset=UTF-8"}, {"last-modified": "Tue, 31 Oct 2023 11:22:06 GMT"}, {"vary": "Accept-Encoding"}, {"CF-Cache-Status": "HIT"}, {"Report-To": "{\"endpoints\":[{\"url\":\"https:\\/\\/a.nel.cloudflare.com\\/report\\/v3?s=ZuP1rn3cAu9oG6zHZfZQvlBLpX4ifLwXRcgoXwrSs0wS%2F3%2FRNT3ZWmvHUpyUpoyHwprxjroG202YyTEQrDmxogS2dZb7Fu0lCB22ZRt0XDldrKfHi2uXOhIMs1kDgYEmUNAI%2Bw%3D%3D\"}],\"group\":\"cf-nel\",\"max_age\":604800}"}, {"NEL": "{\"success_fraction\":0,\"report_to\":\"cf-nel\",\"max_age\":604800}"}, {"Server": "cloudflare"}, {"CF-RAY": "81f4536e4f054112-SIN"}, {"alt-svc": "h3=\":443\"; ma=86400"}]}, "/_next/static/chunks/pages/promotion-b5683bce91d97dea.js": {"hash": "bddd2c7314e6a042e964a617f0aae754", "headers": [{"Content-Type": "application/javascript; charset=UTF-8"}, {"last-modified": "Tue, 31 Oct 2023 11:22:06 GMT"}, {"vary": "Accept-Encoding"}, {"CF-Cache-Status": "HIT"}, {"Report-To": "{\"endpoints\":[{\"url\":\"https:\\/\\/a.nel.cloudflare.com\\/report\\/v3?s=%2FkVpi3PxzxcVtloAF8pVkKnIOtvenRoGs327U9mWHWub5LbvM%2BkCbuqeN3027LfLrMbm5DRLhNV%2FG%2FQ4QNe%2FYGHP2zr7F1SS4zUFWLkA2jfe%2BJTKoLR9VO6VPvExdPfU3n67NA%3D%3D\"}],\"group\":\"cf-nel\",\"max_age\":604800}"}, {"NEL": "{\"success_fraction\":0,\"report_to\":\"cf-nel\",\"max_age\":604800}"}, {"Server": "cloudflare"}, {"CF-RAY": "81f4536e6f3f4112-SIN"}, {"alt-svc": "h3=\":443\"; ma=86400"}]}, "/_next/static/chunks/pages/promotion/[slug]-0e3b9e5b2376aa6a.js": {"hash": "bf09f661117108ae5c3b432ef95554eb", "headers": [{"Content-Type": "application/javascript; charset=UTF-8"}, {"last-modified": "Mon, 30 Oct 2023 11:41:39 GMT"}, {"vary": "Accept-Encoding"}, {"CF-Cache-Status": "HIT"}, {"Report-To": "{\"endpoints\":[{\"url\":\"https:\\/\\/a.nel.cloudflare.com\\/report\\/v3?s=B5K4EAVQ827NbIp5PWCRfLDdE6JH9sYhU85E4UmaxQD3JV9PYUqwNQcdmVegBzXviiY0pdhKKgtn9ezjuYG05SQwoFJVz0CRsQwh%2BKKgQ3GJSh%2BfOXDnD4%2FkASoNpL6YMTThtQ%3D%3D\"}],\"group\":\"cf-nel\",\"max_age\":604800}"}, {"NEL": "{\"success_fraction\":0,\"report_to\":\"cf-nel\",\"max_age\":604800}"}, {"Server": "cloudflare"}, {"CF-RAY": "81f4536e9f814112-SIN"}, {"alt-svc": "h3=\":443\"; ma=86400"}]}, "/_next/static/chunks/pages/banner/[slug]-5b65c72e85117d2f.js": {"hash": "bc005b809a87cef63b01362b3e4ba0c1", "headers": [{"Content-Type": "application/javascript; charset=UTF-8"}, {"last-modified": "Wed, 01 Nov 2023 07:23:47 GMT"}, {"vary": "Accept-Encoding"}, {"CF-Cache-Status": "HIT"}, {"Report-To": "{\"endpoints\":[{\"url\":\"https:\\/\\/a.nel.cloudflare.com\\/report\\/v3?s=nFQAC%2BINa3YUxJhG19Nkz6E5fcQkb3JrzfwGur0X9FbZyMDd9sqm8ZTbZE70W95B8U6EsyfJZHkk%2F37y32je7QDBJrEer19Lq6CRuMv2AgKMrO2L4gEe5bdYxG51XlqH1875Zw%3D%3D\"}],\"group\":\"cf-nel\",\"max_age\":604800}"}, {"NEL": "{\"success_fraction\":0,\"report_to\":\"cf-nel\",\"max_age\":604800}"}, {"Server": "cloudflare"}, {"CF-RAY": "81f4536ecff14112-SIN"}, {"alt-svc": "h3=\":443\"; ma=86400"}]}, "/contact-us": {"hash": "a875fe50fd6b33e4aecadab93a3deeaf", "headers": [{"Content-Type": "text/html; charset=utf-8"}, {"vary": "Accept-Encoding"}, {"x-powered-by": "Next.js"}, {"CF-Cache-Status": "DYNAMIC"}, {"Report-To": "{\"endpoints\":[{\"url\":\"https:\\/\\/a.nel.cloudflare.com\\/report\\/v3?s=%2FTnrxq05U00nQH01WFUsrPc7wyC0%2FYop6JFu72pX9BEnVpDCz0NWTZwg%2BL1PTOmLst613GheCksc%2FYTvW92HRGajkETAk6N1VCfCCZyeMsJ7v39dRJGxworRsCWarGug9TjE9g%3D%3D\"}],\"group\":\"cf-nel\",\"max_age\":604800}"}, {"NEL": "{\"success_fraction\":0,\"report_to\":\"cf-nel\",\"max_age\":604800}"}, {"Server": "cloudflare"}, {"CF-RAY": "81f4536ef8284112-SIN"}, {"alt-svc": "h3=\":443\"; ma=86400"}]}, "/register": {"hash": "d5268c3f3e0bc5a2a801c637707dc503", "headers": [{"Content-Type": "text/html; charset=utf-8"}, {"vary": "Accept-Encoding"}, {"x-powered-by": "Next.js"}, {"CF-Cache-Status": "DYNAMIC"}, {"Report-To": "{\"endpoints\":[{\"url\":\"https:\\/\\/a.nel.cloudflare.com\\/report\\/v3?s=JzSHrG9o8ktvASwfRXIDYFp0w5fUvqB3kYpIgKtF%2BwQbHDWOqtRyteWG5SqNChGEvghzoWXw2ofHuua4OzW5foAbRmShxBaYOu9SAfmZuLM8%2FSqczvuaZ5pq1TZ6jZLCcsO%2FTQ%3D%3D\"}],\"group\":\"cf-nel\",\"max_age\":604800}"}, {"NEL": "{\"success_fraction\":0,\"report_to\":\"cf-nel\",\"max_age\":604800}"}, {"Server": "cloudflare"}, {"CF-RAY": "81f45373aedf4112-SIN"}, {"alt-svc": "h3=\":443\"; ma=86400"}]}, "/promotion": {"hash": "58054e79bb2449a8420d30bbfedfa751", "headers": [{"Content-Type": "text/html; charset=utf-8"}, {"vary": "Accept-Encoding"}, {"x-powered-by": "Next.js"}, {"CF-Cache-Status": "DYNAMIC"}, {"Report-To": "{\"endpoints\":[{\"url\":\"https:\\/\\/a.nel.cloudflare.com\\/report\\/v3?s=cXiIkPKVLKyv4nKrHrKLLpHxNiZJhDLcu8J2m0rY3vnpVUmMDNprm1Mti6ELmENOBcU5eOudGdzSsYuixSoWNScvD976LwGPk4%2B7KHYIET2CnFpdv9eZeKms9NvTaHZyopZKbQ%3D%3D\"}],\"group\":\"cf-nel\",\"max_age\":604800}"}, {"NEL": "{\"success_fraction\":0,\"report_to\":\"cf-nel\",\"max_age\":604800}"}, {"Server": "cloudflare"}, {"CF-RAY": "81f45378dee34112-SIN"}, {"alt-svc": "h3=\":443\"; ma=86400"}]}, "/referral": {"hash": "87c0720ddf7f857f336f03de8cf19ac4", "headers": [{"Content-Type": "text/html; charset=utf-8"}, {"vary": "Accept-Encoding"}, {"x-powered-by": "Next.js"}, {"CF-Cache-Status": "DYNAMIC"}, {"Report-To": "{\"endpoints\":[{\"url\":\"https:\\/\\/a.nel.cloudflare.com\\/report\\/v3?s=Baq2nWvMBcI%2F%2FEboXVdK9oCpsd169TMnE4OdqOplMtogwz%2BJQf6toeHaJZ4U6q2HXcuqsTsF7pB%2BFluq6rqZPl3%2BvjuMgGcQJPu3ck17zYMWKKLaSOk253NIhJsGNcg65RQ3Kw%3D%3D\"}],\"group\":\"cf-nel\",\"max_age\":604800}"}, {"NEL": "{\"success_fraction\":0,\"report_to\":\"cf-nel\",\"max_age\":604800}"}, {"Server": "cloudflare"}, {"CF-RAY": "81f4537cfd2b4112-SIN"}, {"alt-svc": "h3=\":443\"; ma=86400"}]}, "/banner/e6e653e1-e18f-4104-9140-c4b8a203e110-selamat-datang-di-speed-1696773398": {"hash": "df5dc3148a1babeb9ee7ed0fd9767e0f", "headers": [{"Content-Type": "text/html; charset=utf-8"}, {"vary": "Accept-Encoding"}, {"x-powered-by": "Next.js"}, {"CF-Cache-Status": "DYNAMIC"}, {"Report-To": "{\"endpoints\":[{\"url\":\"https:\\/\\/a.nel.cloudflare.com\\/report\\/v3?s=qNj2jyrtBcoSTPWFYsiWA4nimysrRFjJEGshIn1K1ur3Xn%2FbX88NqCYf8kOSm%2FOY2H3jLHBH37Xmr7tLuTFXcackw4bh%2BEBHCHJONjWBxPGvuLqkxM1MXZ9tmGRejbBdKkgwqQ%3D%3D\"}],\"group\":\"cf-nel\",\"max_age\":604800}"}, {"NEL": "{\"success_fraction\":0,\"report_to\":\"cf-nel\",\"max_age\":604800}"}, {"Server": "cloudflare"}, {"CF-RAY": "81f453812ac24112-SIN"}, {"alt-svc": "h3=\":443\"; ma=86400"}]}, "/banner/e6e653e1-e18f-4104-9140-c4b8a203e110-deposit-via-qris-lebih-cepat-and-mudah-1696773469": {"hash": "60552a71834d0919f97c73ccda2827d1", "headers": [{"Content-Type": "text/html; charset=utf-8"}, {"vary": "Accept-Encoding"}, {"x-powered-by": "Next.js"}, {"CF-Cache-Status": "DYNAMIC"}, {"Report-To": "{\"endpoints\":[{\"url\":\"https:\\/\\/a.nel.cloudflare.com\\/report\\/v3?s=hgqrpis3pehMMZz3p69m6K0d5pGtcO8SXrjIGJNSgntzv7%2B0GFdW%2BO40BdaJzQ8CiyWoh4HN0TQfmq6B15Br5ro6gSUTqJITc8u%2BgZ%2FDJ1TbwS%2BvyU2FyBXE%2BVnW0WEkXiZoDw%3D%3D\"}],\"group\":\"cf-nel\",\"max_age\":604800}"}, {"NEL": "{\"success_fraction\":0,\"report_to\":\"cf-nel\",\"max_age\":604800}"}, {"Server": "cloudflare"}, {"CF-RAY": "81f45385a9364112-SIN"}, {"alt-svc": "h3=\":443\"; ma=86400"}]}, "/promotion/e6e653e1-e18f-4104-9140-c4b8a203e110-bonus-deposit-10-1696773563": {"hash": "141d5eb3b54fb6ee23ed9c16b04deff4", "headers": [{"Content-Type": "text/html; charset=utf-8"}, {"vary": "Accept-Encoding"}, {"x-powered-by": "Next.js"}, {"CF-Cache-Status": "DYNAMIC"}, {"Report-To": "{\"endpoints\":[{\"url\":\"https:\\/\\/a.nel.cloudflare.com\\/report\\/v3?s=nNbM8YWUx3dd%2Bm5X2L5mMzP5iOltDWvU0kfjEPgqwSc4wTPy8J%2BkQctuvuhvrJhM077ZX4CoVWfwOaXYKZEBTsAxE758DJIJsvFxJ03Og5cAOUoVmxhI75Y0WpaTgoyYpA5UkA%3D%3D\"}],\"group\":\"cf-nel\",\"max_age\":604800}"}, {"NEL": "{\"success_fraction\":0,\"report_to\":\"cf-nel\",\"max_age\":604800}"}, {"Server": "cloudflare"}, {"CF-RAY": "81f4538a2f844112-SIN"}, {"alt-svc": "h3=\":443\"; ma=86400"}]}, "/information/e6e653e1-e18f-4104-9140-c4b8a203e110-buka-kejutan-dalam-kotak-misteri-kami-1696774014": {"hash": "c1b05906e26f5c0fe7f34fbffcc0b33f", "headers": [{"Content-Type": "text/html; charset=utf-8"}, {"vary": "Accept-Encoding"}, {"x-powered-by": "Next.js"}, {"CF-Cache-Status": "DYNAMIC"}, {"Report-To": "{\"endpoints\":[{\"url\":\"https:\\/\\/a.nel.cloudflare.com\\/report\\/v3?s=bb8xstCq4iR2P8MF6fVLci%2B%2FMdwZfDZmGfjBKxwdXcVPmsNSUFjX99KGDK8c04hnOVG2EJRU53%2FphBUiAtAy4T1WzqEml2fBAtRe4CbnhBq2GhKZ2lxz47TkzoVxnJGSBT4itw%3D%3D\"}],\"group\":\"cf-nel\",\"max_age\":604800}"}, {"NEL": "{\"success_fraction\":0,\"report_to\":\"cf-nel\",\"max_age\":604800}"}, {"Server": "cloudflare"}, {"CF-RAY": "81f4538e0c464112-SIN"}, {"alt-svc": "h3=\":443\"; ma=86400"}]}, "/_next/static/chunks/polyfills-78c92fac7aa8fdd8.js": {"hash": "994a91ef734db3eeb474eaca5898bae0", "headers": [{"Content-Type": "application/javascript; charset=UTF-8"}, {"last-modified": "Tue, 31 Oct 2023 11:22:06 GMT"}, {"vary": "Accept-Encoding"}, {"CF-Cache-Status": "HIT"}, {"Report-To": "{\"endpoints\":[{\"url\":\"https:\\/\\/a.nel.cloudflare.com\\/report\\/v3?s=XS3bWTB5biA3sUIkDna3Sj2D7vjEt5Jvp38HUIOtRO2AnIpOGkf6zlbnW8Ce3taZ6uhCa0u3BBI%2BPtLTYNzxndN5lrSml8oEhTSkuT9CKIr4cxbybOvBaqw3G7Plha7tYd77Lw%3D%3D\"}],\"group\":\"cf-nel\",\"max_age\":604800}"}, {"NEL": "{\"success_fraction\":0,\"report_to\":\"cf-nel\",\"max_age\":604800}"}, {"Server": "cloudflare"}, {"CF-RAY": "81f453945d7a4112-SIN"}, {"alt-svc": "h3=\":443\"; ma=86400"}]}, "/_next/static/chunks/webpack-81017deb25c24da6.js": {"hash": "1c17f66027565b95b90700f17c60817a", "headers": [{"Content-Type": "application/javascript; charset=UTF-8"}, {"last-modified": "Tue, 31 Oct 2023 11:22:06 GMT"}, {"vary": "Accept-Encoding"}, {"CF-Cache-Status": "HIT"}, {"Report-To": "{\"endpoints\":[{\"url\":\"https:\\/\\/a.nel.cloudflare.com\\/report\\/v3?s=AkZwn6qpK%2FilCyurU679grQDQrf38YNY09hus3IpSMNVVaHkU%2FNCdIEOx%2Bsczq%2BhDdCj5jSSrmRekT1ux8bTVDu84htvbDSWVspZvx5OtZmmeyPoMt88tH6EtNd%2FlGh5M74HvA%3D%3D\"}],\"group\":\"cf-nel\",\"max_age\":604800}"}, {"NEL": "{\"success_fraction\":0,\"report_to\":\"cf-nel\",\"max_age\":604800}"}, {"Server": "cloudflare"}, {"CF-RAY": "81f453949dc74112-SIN"}, {"alt-svc": "h3=\":443\"; ma=86400"}]}, "/_next/static/chunks/framework-ac88a2a245aea9ab.js": {"hash": "dbda288009519e914d8aae34d0f0c0c2", "headers": [{"Content-Type": "application/javascript; charset=UTF-8"}, {"last-modified": "Tue, 31 Oct 2023 11:22:06 GMT"}, {"vary": "Accept-Encoding"}, {"CF-Cache-Status": "HIT"}, {"Report-To": "{\"endpoints\":[{\"url\":\"https:\\/\\/a.nel.cloudflare.com\\/report\\/v3?s=Xly7l3BdSakHGRWnma74c1VWJDssZqlWASJ1ULLNpxEAgk1MSvjG6EarbJCKHeYZzU0ZpzL5p8Pnb0fXJpaRf%2BcZpyjMKrtgbLS7uHj9w6k8F9E551ZFZuL6K14Vyo%2F6Jkkb8g%3D%3D\"}],\"group\":\"cf-nel\",\"max_age\":604800}"}, {"NEL": "{\"success_fraction\":0,\"report_to\":\"cf-nel\",\"max_age\":604800}"}, {"Server": "cloudflare"}, {"CF-RAY": "81f45394bdfa4112-SIN"}, {"alt-svc": "h3=\":443\"; ma=86400"}]}, "/_next/static/chunks/main-6ef8075bed557d87.js": {"hash": "532b1a1a4e8e8573feabbea5e5ba522a", "headers": [{"Content-Type": "application/javascript; charset=UTF-8"}, {"last-modified": "Wed, 01 Nov 2023 07:23:47 GMT"}, {"vary": "Accept-Encoding"}, {"CF-Cache-Status": "HIT"}, {"Report-To": "{\"endpoints\":[{\"url\":\"https:\\/\\/a.nel.cloudflare.com\\/report\\/v3?s=WCIVp4tLxJZcCF2WfFgG2mih0bd0sr8BxWkV%2FV2xzbCKwqQcCPWeQGhzolmEpYMb7wl8Mx8PZ48NrecC6VHDB6shP81xyxKABcTvi1%2BC%2FbKzl6V4mrgB4YcuVThBHP2fEZWMvw%3D%3D\"}],\"group\":\"cf-nel\",\"max_age\":604800}"}, {"NEL": "{\"success_fraction\":0,\"report_to\":\"cf-nel\",\"max_age\":604800}"}, {"Server": "cloudflare"}, {"CF-RAY": "81f45394fe524112-SIN"}, {"alt-svc": "h3=\":443\"; ma=86400"}]}, "/_next/static/chunks/pages/_app-54d15f573979e329.js": {"hash": "71a44f8dcef813cec438a5742b09a18e", "headers": [{"Content-Type": "application/javascript; charset=UTF-8"}, {"last-modified": "Tue, 31 Oct 2023 11:22:06 GMT"}, {"vary": "Accept-Encoding"}, {"CF-Cache-Status": "HIT"}, {"Report-To": "{\"endpoints\":[{\"url\":\"https:\\/\\/a.nel.cloudflare.com\\/report\\/v3?s=MRmb4i6TmOCWkP2r54xMbw46SyJsL94oSQZEAKThdi4kFpONU%2FFGxX4rp%2FvErW4urPfZNlTTyhIT3NH%2B3lDg%2B%2FhjQa7ku6Uba7i19ZMEuDZWYrZ8yVzz%2BYPBwXGYafalyuJtgA%3D%3D\"}],\"group\":\"cf-nel\",\"max_age\":604800}"}, {"NEL": "{\"success_fraction\":0,\"report_to\":\"cf-nel\",\"max_age\":604800}"}, {"Server": "cloudflare"}, {"CF-RAY": "81f453954eb74112-SIN"}, {"alt-svc": "h3=\":443\"; ma=86400"}]}, "/_next/static/chunks/40e88094-4d5e7ba6f3f551fe.js": {"hash": "d700ca318d3e584444cd5812168b37e4", "headers": [{"Content-Type": "application/javascript; charset=UTF-8"}, {"last-modified": "Tue, 31 Oct 2023 11:22:06 GMT"}, {"vary": "Accept-Encoding"}, {"CF-Cache-Status": "HIT"}, {"Report-To": "{\"endpoints\":[{\"url\":\"https:\\/\\/a.nel.cloudflare.com\\/report\\/v3?s=rBsGqf17DKuzWvNOSEAwyMWuZNDT4VJp1%2FxnWGkbtUTdgyUzEMX6VIMalNohV3fuoTUREkZ5H5EmEUPJjKk3w5ybgDKiSw%2BIEtQIU%2BXT%2BmUM9QD8ss%2B5s9xWeIhF1UADeUliPg%3D%3D\"}],\"group\":\"cf-nel\",\"max_age\":604800}"}, {"NEL": "{\"success_fraction\":0,\"report_to\":\"cf-nel\",\"max_age\":604800}"}, {"Server": "cloudflare"}, {"CF-RAY": "81f453959f154112-SIN"}, {"alt-svc": "h3=\":443\"; ma=86400"}]}, "/_next/static/chunks/7a7c95a0-3711c24642315aec.js": {"hash": "9979b7bddc07649c324ae1793ed2b689", "headers": [{"Content-Type": "application/javascript; charset=UTF-8"}, {"last-modified": "Tue, 31 Oct 2023 11:22:06 GMT"}, {"vary": "Accept-Encoding"}, {"CF-Cache-Status": "HIT"}, {"Report-To": "{\"endpoints\":[{\"url\":\"https:\\/\\/a.nel.cloudflare.com\\/report\\/v3?s=eLFUERQZYUEBcEUQ07LV1Rd%2F4R2vlEuog3z808U%2FzTWBuLT%2FC%2BJwDr0a1wKXIZYspFRbGPaUx8upHG7IUcD3tlKc7qQgXlI5iy1pOwmIdatuL90v8r00VjQWZUiqAh0NW8CClg%3D%3D\"}],\"group\":\"cf-nel\",\"max_age\":604800}"}, {"NEL": "{\"success_fraction\":0,\"report_to\":\"cf-nel\",\"max_age\":604800}"}, {"Server": "cloudflare"}, {"CF-RAY": "81f45395ef754112-SIN"}, {"alt-svc": "h3=\":443\"; ma=86400"}]}, "/_next/static/chunks/1ac3ebbd-f35d004f67fd772f.js": {"hash": "e21ff017d1467d7bb64415666063ef61", "headers": [{"Content-Type": "application/javascript; charset=UTF-8"}, {"last-modified": "Mon, 30 Oct 2023 03:17:42 GMT"}, {"vary": "Accept-Encoding"}, {"CF-Cache-Status": "HIT"}, {"Report-To": "{\"endpoints\":[{\"url\":\"https:\\/\\/a.nel.cloudflare.com\\/report\\/v3?s=%2BWYppcJ2TT6Jb1bcg580Mbh0kK7Gr%2F5PsxLNlb8t1eBkLjMuZ1r5zmyxRIKN1c%2FcVKMqoMwzq8X%2BR%2Fh8pxbLhv7FZN0h%2FVOYbvca8zAASCCU2vdJNb256eMsHHoVy8baHv32QQ%3D%3D\"}],\"group\":\"cf-nel\",\"max_age\":604800}"}, {"NEL": "{\"success_fraction\":0,\"report_to\":\"cf-nel\",\"max_age\":604800}"}, {"Server": "cloudflare"}, {"CF-RAY": "81f453962fb74112-SIN"}, {"alt-svc": "h3=\":443\"; ma=86400"}]}, "/_next/static/chunks/909fff28-23ba32e7ed2fd94e.js": {"hash": "cc43a733eeb8caac10f9afb2eed929c7", "headers": [{"Content-Type": "application/javascript; charset=UTF-8"}, {"last-modified": "Tue, 31 Oct 2023 11:22:06 GMT"}, {"vary": "Accept-Encoding"}, {"CF-Cache-Status": "HIT"}, {"Report-To": "{\"endpoints\":[{\"url\":\"https:\\/\\/a.nel.cloudflare.com\\/report\\/v3?s=FeSnwMPj5dYMxR6BiePkZKwSjiVHNbl9VAUzADAjCHN1eE7wnQdPdyvrxG4nDT4Mkw4VOzEB4aBvCZXjYTSMDX54%2FDy4z%2BZ%2FlkaRZB9AxmwZwgi3toY9jzIbiDIFGkqrdnvhew%3D%3D\"}],\"group\":\"cf-nel\",\"max_age\":604800}"}, {"NEL": "{\"success_fraction\":0,\"report_to\":\"cf-nel\",\"max_age\":604800}"}, {"Server": "cloudflare"}, {"CF-RAY": "81f453965ff54112-SIN"}, {"alt-svc": "h3=\":443\"; ma=86400"}]}, "/_next/static/chunks/f5f2f4b8-dc85222913d08674.js": {"hash": "f8a3d36b5c8a8afe5f101395d78603e3", "headers": [{"Content-Type": "application/javascript; charset=UTF-8"}, {"last-modified": "Tue, 31 Oct 2023 11:22:06 GMT"}, {"vary": "Accept-Encoding"}, {"CF-Cache-Status": "HIT"}, {"Report-To": "{\"endpoints\":[{\"url\":\"https:\\/\\/a.nel.cloudflare.com\\/report\\/v3?s=J853X0NKHnfdXNw7OvU5tZ7vcV10oxsmGJ6EUfsAmd2b1PVidvJFiq2ln3HnJKqKC0d7w2kdYEd1OSG6Gf0TfFqz494LUQ51zYlVM0dWZcDF2sdc7DSKtNNYuStSOR3w6CYaOg%3D%3D\"}],\"group\":\"cf-nel\",\"max_age\":604800}"}, {"NEL": "{\"success_fraction\":0,\"report_to\":\"cf-nel\",\"max_age\":604800}"}, {"Server": "cloudflare"}, {"CF-RAY": "81f4539688284112-SIN"}, {"alt-svc": "h3=\":443\"; ma=86400"}]}, "/_next/static/chunks/666-c5e5def8fecd67cd.js": {"hash": "1db271320ee5cc50ca274459d72679ec", "headers": [{"Content-Type": "application/javascript; charset=UTF-8"}, {"last-modified": "Mon, 30 Oct 2023 03:17:42 GMT"}, {"vary": "Accept-Encoding"}, {"CF-Cache-Status": "HIT"}, {"Report-To": "{\"endpoints\":[{\"url\":\"https:\\/\\/a.nel.cloudflare.com\\/report\\/v3?s=keQcLQObZTWZyz%2FPcJ5F93olbQq%2FVqsNd5WnDZJVZnB10y6mWWg%2FW1B7dBl298QJBLDReA%2FA5xEfJnuuaVu7H5c8nEY1i1iekbVJxphtyPPXlbEppzoWWummZ0KiUyla2D0U1g%3D%3D\"}],\"group\":\"cf-nel\",\"max_age\":604800}"}, {"NEL": "{\"success_fraction\":0,\"report_to\":\"cf-nel\",\"max_age\":604800}"}, {"Server": "cloudflare"}, {"CF-RAY": "81f45396d89f4112-SIN"}, {"alt-svc": "h3=\":443\"; ma=86400"}]}, "/_next/static/chunks/231-da3ce942033cef08.js": {"hash": "1a0d66710b2ce14f475d6100d259aabf", "headers": [{"Content-Type": "application/javascript; charset=UTF-8"}, {"last-modified": "Wed, 01 Nov 2023 07:23:47 GMT"}, {"vary": "Accept-Encoding"}, {"CF-Cache-Status": "HIT"}, {"Report-To": "{\"endpoints\":[{\"url\":\"https:\\/\\/a.nel.cloudflare.com\\/report\\/v3?s=zfTlo1fD50sBI0uP35SgV%2FrNcFUt5feSUdCk0O%2BLWscpMEQSoWBhGm3hFNPlKWj0tYGvI2JE6fTONCDE24ry%2FaGF426m25VksWfNb4uYxB%2FLKBvnLtlNrvISP7911pob0M9O0w%3D%3D\"}],\"group\":\"cf-nel\",\"max_age\":604800}"}, {"NEL": "{\"success_fraction\":0,\"report_to\":\"cf-nel\",\"max_age\":604800}"}, {"Server": "cloudflare"}, {"CF-RAY": "81f4539759444112-SIN"}, {"alt-svc": "h3=\":443\"; ma=86400"}]}, "/_next/static/chunks/pages/index-534daa241e41697f.js": {"hash": "decbc2686db9c2d5f59c31238d965b08", "headers": [{"Content-Type": "application/javascript; charset=UTF-8"}, {"last-modified": "Mon, 30 Oct 2023 03:17:42 GMT"}, {"vary": "Accept-Encoding"}, {"CF-Cache-Status": "HIT"}, {"Report-To": "{\"endpoints\":[{\"url\":\"https:\\/\\/a.nel.cloudflare.com\\/report\\/v3?s=QKYhKtzqzqmoNrRrasHBooCuvFjfnrfb6guT9yBdP175tA3x2iwIEG3owBs0Bq6qXBwv%2FoDtF9Vou28tZmL09tObz9Aio35BKJEiyOsBVHBr4LM1h%2FogxM%2BXLr3Zh31xx1a70A%3D%3D\"}],\"group\":\"cf-nel\",\"max_age\":604800}"}, {"NEL": "{\"success_fraction\":0,\"report_to\":\"cf-nel\",\"max_age\":604800}"}, {"Server": "cloudflare"}, {"CF-RAY": "81f45397b9cc4112-SIN"}, {"alt-svc": "h3=\":443\"; ma=86400"}]}, "/_next/static/nBIEzUW-zXE4SX8bUWn6t/_buildManifest.js": {"hash": "ea7064a818c7c548f011ae99fd1fb4cf", "headers": [{"Content-Type": "application/javascript; charset=UTF-8"}, {"last-modified": "Wed, 01 Nov 2023 07:23:47 GMT"}, {"vary": "Accept-Encoding"}, {"CF-Cache-Status": "HIT"}, {"Report-To": "{\"endpoints\":[{\"url\":\"https:\\/\\/a.nel.cloudflare.com\\/report\\/v3?s=NIVEofI6qtdqYTInZFbvCAVrBs3MnUw%2BOWti%2FwOvaxp0BhQJqqCvJ%2BeMXMbpKsCLon6I9eqTGUm2T3BQAkhJqDTUFE%2B16u6vV%2BXTfti%2BYVZYvsykL6ctB%2BjIrM%2FPv8igWwQNLw%3D%3D\"}],\"group\":\"cf-nel\",\"max_age\":604800}"}, {"NEL": "{\"success_fraction\":0,\"report_to\":\"cf-nel\",\"max_age\":604800}"}, {"Server": "cloudflare"}, {"CF-RAY": "81f45397e9ff4112-SIN"}, {"alt-svc": "h3=\":443\"; ma=86400"}]}, "/_next/static/nBIEzUW-zXE4SX8bUWn6t/_ssgManifest.js": {"hash": "64786420fff6ddd387debc71f4745618", "headers": [{"Content-Type": "application/javascript; charset=UTF-8"}, {"last-modified": "Wed, 01 Nov 2023 07:23:47 GMT"}, {"vary": "Accept-Encoding"}, {"CF-Cache-Status": "HIT"}, {"Report-To": "{\"endpoints\":[{\"url\":\"https:\\/\\/a.nel.cloudflare.com\\/report\\/v3?s=x%2BIjQ5Msj6QrG%2BqnzMroP7b3I4VC7R6%2BQHlQiz2ExT0ad3DQy%2BzjSzO857KMhYoQrBYfF3Qm39Zs4hgxLuiUK8TKq83qsAgfDOHQedIB4VO%2FSCJ3Fi8MhuHQ8WYD7i4Yj%2B0CEg%3D%3D\"}],\"group\":\"cf-nel\",\"max_age\":604800}"}, {"NEL": "{\"success_fraction\":0,\"report_to\":\"cf-nel\",\"max_age\":604800}"}, {"Server": "cloudflare"}, {"CF-RAY": "81f453981a4d4112-SIN"}, {"alt-svc": "h3=\":443\"; ma=86400"}]}, "/tracking.js": {"hash": "aab8bc7ae5bb6df2e7f42c75a9bd0f73", "headers": [{"Last-Modified": "Mon, 30 Oct 2023 09:42:21 GMT"}, {"x-amz-server-side-encryption": "AES256"}, {"x-amz-version-id": "4eIJmoFCb.8W1DbZhOFrdHOJxFn4lkWW"}, {"Server": "AmazonS3"}, {"Vary": "Accept-Encoding"}, {"X-Amz-Cf-Pop": "HKG62-C1"}, {"X-Amz-Cf-Id": "mdyR9gwxJFU8tRcIUoTcrV1nGl7DEXEZbQ6ZGxkOU0ymtLK6OG1_Qg=="}, {"Content-Type": "application/javascript; charset=utf-8"}, {"Access-Control-Allow-Origin": "*"}]}, "/images/flag-id.svg": {"hash": "80f0a2b3095339b0f2b52966220facaa", "headers": [{"Content-Type": "image/svg+xml"}, {"last-modified": "Wed, 01 Nov 2023 07:08:31 GMT"}, {"vary": "Accept-Encoding"}, {"CF-Cache-Status": "REVALIDATED"}, {"Report-To": "{\"endpoints\":[{\"url\":\"https:\\/\\/a.nel.cloudflare.com\\/report\\/v3?s=NSorSc%2FOhdGcrMau7fem9sODvv%2BJjZwhih5y%2F%2FqS67Dsj9wci1%2B6jKI1YJjF8f%2B76kabkklWrpBbzJrFd1q5nSMTF7eZds2ad%2Bk2Oyq1ZXrv7dPZJ47c6nclFeYfYet1Y%2Fg%2BVg%3D%3D\"}],\"group\":\"cf-nel\",\"max_age\":604800}"}, {"NEL": "{\"success_fraction\":0,\"report_to\":\"cf-nel\",\"max_age\":604800}"}, {"Server": "cloudflare"}, {"CF-RAY": "81f45398db424112-SIN"}, {"alt-svc": "h3=\":443\"; ma=86400"}]}, "/_next/image?url=https://speed-engine.art/napi/Mobile/Logo/Logo%20(Low)%20-%20Compress.gif": {"hash": "2ced9a572f1c11f1b953c4e102c4f7b7", "headers": [{"Content-Type": "image/gif"}, {"content-disposition": "inline; filename=\"Logo%20(Low)%20-%20Compress.gif\"; filename*=UTF-8''Logo%2520%28Low%29%2520-%2520Compress.gif"}, {"content-security-policy": "script-src 'none'; frame-src 'none'; sandbox;"}, {"vary": "Accept"}, {"x-nextjs-cache": "HIT"}, {"CF-Cache-Status": "DYNAMIC"}, {"Report-To": "{\"endpoints\":[{\"url\":\"https:\\/\\/a.nel.cloudflare.com\\/report\\/v3?s=M8LMfrKWN9yTdh%2FELC39xEN%2FYaa3%2FQEPNFYqN9Od9kCFnoxuyMFtmFMXdRUJIfhpAtR9C31Z6FJXMNBgHa1K37DKb1HPz9GeEKv78Rhue7L%2F6VPXgiokzslKE82qCIwjgaEd3w%3D%3D\"}],\"group\":\"cf-nel\",\"max_age\":604800}"}, {"NEL": "{\"success_fraction\":0,\"report_to\":\"cf-nel\",\"max_age\":604800}"}, {"Server": "cloudflare"}, {"CF-RAY": "81f453993be24112-SIN"}, {"alt-svc": "h3=\":443\"; ma=86400"}]}, "/_next/image?url=https://speed-engine.art/banner/mainbanner-desktop-1.jpg": {"hash": "7c5c7c1ca2d9632fe0db81bf04e30c97", "headers": [{"Content-Type": "image/jpeg"}, {"content-disposition": "inline; filename=\"mainbanner-desktop-1.jpeg\""}, {"content-security-policy": "script-src 'none'; frame-src 'none'; sandbox;"}, {"vary": "Accept"}, {"x-nextjs-cache": "HIT"}, {"CF-Cache-Status": "DYNAMIC"}, {"Report-To": "{\"endpoints\":[{\"url\":\"https:\\/\\/a.nel.cloudflare.com\\/report\\/v3?s=1dKzWeug6XsuET42Ap7wGf8S4Qscagn7Us4L%2FLmDoHCBj4ynxGlViTh4W5r2XE18nOEpzcuQCozBIM6%2FOUhyO%2FV%2FTtFc8gMMpaniuRFLul1hPdFVP5h0ds2jblkKTSrdEKv9eA%3D%3D\"}],\"group\":\"cf-nel\",\"max_age\":604800}"}, {"NEL": "{\"success_fraction\":0,\"report_to\":\"cf-nel\",\"max_age\":604800}"}, {"Server": "cloudflare"}, {"CF-RAY": "81f4539b5eec4112-SIN"}, {"alt-svc": "h3=\":443\"; ma=86400"}]}, "/_next/image?url=https://speed-engine.art/banner/mainbanner-desktop-2.jpg": {"hash": "5527f742e8693230fd8b00b8ef4aa217", "headers": [{"Content-Type": "image/jpeg"}, {"content-disposition": "inline; filename=\"mainbanner-desktop-2.jpeg\""}, {"content-security-policy": "script-src 'none'; frame-src 'none'; sandbox;"}, {"vary": "Accept"}, {"x-nextjs-cache": "HIT"}, {"CF-Cache-Status": "DYNAMIC"}, {"Report-To": "{\"endpoints\":[{\"url\":\"https:\\/\\/a.nel.cloudflare.com\\/report\\/v3?s=V%2BQeNkvY%2Baj%2Bkh93WVf2MWsH2SUEA%2B%2BNHgZa1awXS57lSBK1bIPo5JyEgp6ZMyWDs2YvbTlHX%2B1iuAIKB2%2FQtwg45yVcS7mymnlded6JRcdOONpMdGlAgx1sX2lyCOLrL33BiQ%3D%3D\"}],\"group\":\"cf-nel\",\"max_age\":604800}"}, {"NEL": "{\"success_fraction\":0,\"report_to\":\"cf-nel\",\"max_age\":604800}"}, {"Server": "cloudflare"}, {"CF-RAY": "81f4539b9f3b4112-SIN"}, {"alt-svc": "h3=\":443\"; ma=86400"}]}, "/bank/permata.svg": {"hash": "866132283b1856a54548fb2a0275cd40", "headers": [{"Content-Type": "image/svg+xml"}, {"X-GUploader-UploadID": "ABPtcPo-e6AWxAY65IR035rOeCa0ihpF9eotpT81Dt6cADx8Gx17tVdQ2efZxnqoiUjG4LO70qIOgflCbSlBNhQrvqNL2MzpkkGk"}, {"Last-Modified": "Tue, 01 Aug 2023 11:18:46 GMT"}, {"x-goog-generation": "1690888726026252"}, {"x-goog-metageneration": "1"}, {"x-goog-stored-content-encoding": "identity"}, {"x-goog-stored-content-length": "16003"}, {"x-goog-meta-x-goog-acl": "public-read"}, {"x-goog-hash": "crc32c=nyx8jA=="}, {"x-goog-hash": "md5=gRDJV9d7V0AqftbrMmGQLQ=="}, {"x-goog-storage-class": "STANDARD"}, {"Vary": "Accept-Encoding"}, {"CF-Cache-Status": "REVALIDATED"}, {"Report-To": "{\"endpoints\":[{\"url\":\"https:\\/\\/a.nel.cloudflare.com\\/report\\/v3?s=gAUqRIHFyEYRETjA%2BD%2FKAYRqbAIhLxdCiJmybTaSLZhnQspOzt4L59dmjU%2B0HfHHE8J4vdbN30gqk%2FWqMtw6AsabFsaR%2Fz0RARzlADZRIRxqvs%2BC6cw6cvWpwCGqOYCTSowm\"}],\"group\":\"cf-nel\",\"max_age\":604800}"}, {"NEL": "{\"success_fraction\":0,\"report_to\":\"cf-nel\",\"max_age\":604800}"}, {"Server": "cloudflare"}, {"CF-RAY": "81f4539cbae9885b-SIN"}, {"alt-svc": "h3=\":443\"; ma=86400"}]}, "/bank/logo-bca1.svg": {"hash": "0e96204e22baac0a8d5c8546f163257a", "headers": [{"Content-Type": "image/svg+xml"}, {"X-GUploader-UploadID": "ABPtcPo8AsFptp-5TLwhNL5wqxvI2Kguk8YgdaEjyM_nub1v1Ymrc1OrffWciljlsRUnyMjBQQKr1jRWlnlUAi0tA0H2lw"}, {"Last-Modified": "Tue, 01 Aug 2023 11:23:20 GMT"}, {"x-goog-generation": "1690889000370807"}, {"x-goog-metageneration": "1"}, {"x-goog-stored-content-encoding": "identity"}, {"x-goog-stored-content-length": "1599"}, {"x-goog-meta-x-goog-acl": "public-read"}, {"x-goog-hash": "crc32c=9DKcrw=="}, {"x-goog-hash": "md5=Ai4mqhsvno0FhNsRaWKoeg=="}, {"x-goog-storage-class": "STANDARD"}, {"Vary": "Accept-Encoding"}, {"CF-Cache-Status": "EXPIRED"}, {"Report-To": "{\"endpoints\":[{\"url\":\"https:\\/\\/a.nel.cloudflare.com\\/report\\/v3?s=%2FKIc%2Bxkj1j6i1%2FMGgTd1o%2F5e5LgV89NfaRRDXgijJmwvBnl4q1tWLdrMRALbM5SNjKP1vDYV0gCFTPtbIJ6XyLgtbD2f7nAhFyWlvDAEGnFVSe7LT%2FLCZY8c5mUJyeb868%2Ft\"}],\"group\":\"cf-nel\",\"max_age\":604800}"}, {"NEL": "{\"success_fraction\":0,\"report_to\":\"cf-nel\",\"max_age\":604800}"}, {"Server": "cloudflare"}, {"CF-RAY": "81f4539cfb24885b-SIN"}, {"alt-svc": "h3=\":443\"; ma=86400"}]}, "/bank/logo_qris-1.svg": {"hash": "9d27908dc58682162ebe3fe796d1e470", "headers": [{"Content-Type": "image/svg+xml"}, {"X-GUploader-UploadID": "ABPtcPryM0q75TGYGDI1PaVfoyY3GLdqV0cxC-go6s_Cih8nwLIfvw2shv-7mEY8WQOfhRcS7art_WPRo4BV4JdgC25Qaw"}, {"Last-Modified": "Tue, 01 Aug 2023 12:04:40 GMT"}, {"x-goog-generation": "1690891480257868"}, {"x-goog-metageneration": "1"}, {"x-goog-stored-content-encoding": "identity"}, {"x-goog-stored-content-length": "1833"}, {"x-goog-meta-x-goog-acl": "public-read"}, {"x-goog-hash": "crc32c=UnY07A=="}, {"x-goog-hash": "md5=wRSdGScoSBYTiPJmbCXNFQ=="}, {"x-goog-storage-class": "STANDARD"}, {"Vary": "Accept-Encoding"}, {"CF-Cache-Status": "EXPIRED"}, {"Report-To": "{\"endpoints\":[{\"url\":\"https:\\/\\/a.nel.cloudflare.com\\/report\\/v3?s=wV6EyRdHYHW2RPAAeeGLmhDu3keI7my5Obm8VN5%2F%2F%2FDFk6L7n%2B%2FDBlLMlsgYe3c378E2uSsTEOvD0iDs57c7z%2FBVjNPyAylwGDa%2B9%2FPUuJBJZYgcaYS1n6k25L7ih2fgLPXM\"}],\"group\":\"cf-nel\",\"max_age\":604800}"}, {"NEL": "{\"success_fraction\":0,\"report_to\":\"cf-nel\",\"max_age\":604800}"}, {"Server": "cloudflare"}, {"CF-RAY": "81f4539dbbbd885b-SIN"}, {"alt-svc": "h3=\":443\"; ma=86400"}]}, "/_next/image?url=https://speed-engine.art/promotion/en-promotionbanner-2.jpg": {"hash": "5d0d8256230778458a1e572d1b7591d2", "headers": [{"Content-Type": "image/jpeg"}, {"content-disposition": "inline; filename=\"en-promotionbanner-2.jpeg\""}, {"content-security-policy": "script-src 'none'; frame-src 'none'; sandbox;"}, {"vary": "Accept"}, {"x-nextjs-cache": "HIT"}, {"CF-Cache-Status": "DYNAMIC"}, {"Report-To": "{\"endpoints\":[{\"url\":\"https:\\/\\/a.nel.cloudflare.com\\/report\\/v3?s=F4xvz4lVQVM5KPa55aUlV1Wrw0CaowUFdnK%2FH94xXcIotmoFYPTriEHT8Kuo6H6Wv2yr4tiI0iVsmGm9ankI2zOoEztF%2FaNXC5NqESp4Ez3eLqZqpXtdbVQTuA3duPtfX4jTuQ%3D%3D\"}],\"group\":\"cf-nel\",\"max_age\":604800}"}, {"NEL": "{\"success_fraction\":0,\"report_to\":\"cf-nel\",\"max_age\":604800}"}, {"Server": "cloudflare"}, {"CF-RAY": "81f4539e4ab64112-SIN"}, {"alt-svc": "h3=\":443\"; ma=86400"}]}, "/_next/image?url=https://speed-engine.art/provider/pragmatic.png": {"hash": "fd015400d53105aa089c645f7f834bae", "headers": [{"Content-Type": "image/png"}, {"content-disposition": "inline; filename=\"pragmatic.png\""}, {"content-security-policy": "script-src 'none'; frame-src 'none'; sandbox;"}, {"vary": "Accept"}, {"x-nextjs-cache": "HIT"}, {"CF-Cache-Status": "DYNAMIC"}, {"Report-To": "{\"endpoints\":[{\"url\":\"https:\\/\\/a.nel.cloudflare.com\\/report\\/v3?s=Q5JYyyhe9vtyPjCT9GXHH%2Fpppo3JaAO4XAXqiHy5MJy9zW5Vq515BCl9qbBhhIp9aT5ffu0bxRX4HTr1XIy%2FjmrUK8awIyn7bOGODwPKxCmbU2aGhl3w9JuoDm%2Bz4OmaRABB7A%3D%3D\"}],\"group\":\"cf-nel\",\"max_age\":604800}"}, {"NEL": "{\"success_fraction\":0,\"report_to\":\"cf-nel\",\"max_age\":604800}"}, {"Server": "cloudflare"}, {"CF-RAY": "81f4539e8b2b4112-SIN"}, {"alt-svc": "h3=\":443\"; ma=86400"}]}, "/_next/image?url=https://speed-engine.art/provider/pgsoft.png": {"hash": "3278056061c0d21ef2bea5fca405be08", "headers": [{"Content-Type": "image/png"}, {"content-disposition": "inline; filename=\"pgsoft.png\""}, {"content-security-policy": "script-src 'none'; frame-src 'none'; sandbox;"}, {"vary": "Accept"}, {"x-nextjs-cache": "HIT"}, {"CF-Cache-Status": "DYNAMIC"}, {"Report-To": "{\"endpoints\":[{\"url\":\"https:\\/\\/a.nel.cloudflare.com\\/report\\/v3?s=amwRK2s0KcxlIw39xfYlJfHNDr8U%2BsYekGwNG%2FPrPuMDBgTIGjYPgpP1KN%2BDs4WbsuuToMEAvrPp%2FVV2qdUzONrCO4C8MQkI6wbmVpfVxMnkRijM%2F2nQYF65UzVk%2BPV1eaO7gA%3D%3D\"}],\"group\":\"cf-nel\",\"max_age\":604800}"}, {"NEL": "{\"success_fraction\":0,\"report_to\":\"cf-nel\",\"max_age\":604800}"}, {"Server": "cloudflare"}, {"CF-RAY": "81f4539ecb844112-SIN"}, {"alt-svc": "h3=\":443\"; ma=86400"}]}, "/_next/image?url=https://speed-engine.art/provider/sbo.png": {"hash": "ea791801b028bb6e6335d2c6fddc14ce", "headers": [{"CF-Cache-Status": "DYNAMIC"}, {"Report-To": "{\"endpoints\":[{\"url\":\"https:\\/\\/a.nel.cloudflare.com\\/report\\/v3?s=gNEK83l5PWwLyHyHi30sCDP77XdMnZgSE2VnnrNcaGxogS37H8GSnw2%2FscNz%2FAhFvCza%2BiOKOiz7ZFkt6x1Ww3se7MfSilBAgPqs44Nye7mctjCExHOLEreyj7mm2xsZsCSR1A%3D%3D\"}],\"group\":\"cf-nel\",\"max_age\":604800}"}, {"NEL": "{\"success_fraction\":0,\"report_to\":\"cf-nel\",\"max_age\":604800}"}, {"Server": "cloudflare"}, {"CF-RAY": "81f4539f0bd34112-SIN"}, {"alt-svc": "h3=\":443\"; ma=86400"}]}, "/_next/image?url=https://speed-engine.art/provider/cmd368.png": {"hash": "dee1ebde6f6b14576cea53e48d508db6", "headers": [{"Content-Type": "image/png"}, {"content-disposition": "inline; filename=\"cmd368.png\""}, {"content-security-policy": "script-src 'none'; frame-src 'none'; sandbox;"}, {"vary": "Accept"}, {"x-nextjs-cache": "HIT"}, {"CF-Cache-Status": "DYNAMIC"}, {"Report-To": "{\"endpoints\":[{\"url\":\"https:\\/\\/a.nel.cloudflare.com\\/report\\/v3?s=iHm3qdKXbHEOqXAeLZBVXvnC8Av2EulkQl%2FoIUCX8eFsfROn3wD4tAZnQ%2FXsghgI9Xpqj3fzvhDro40wPbE2ca01hWG3SNt%2Fxa%2FB6wtCKTliGWbuvb%2FnnzGS%2FsmzIz9R7GLvlQ%3D%3D\"}],\"group\":\"cf-nel\",\"max_age\":604800}"}, {"NEL": "{\"success_fraction\":0,\"report_to\":\"cf-nel\",\"max_age\":604800}"}, {"Server": "cloudflare"}, {"CF-RAY": "81f4539ffd284112-SIN"}, {"alt-svc": "h3=\":443\"; ma=86400"}]}, "/_next/image?url=https://speed-engine.art/other/358413178_6302734153175759_7279559919559168433_n.jpg": {"hash": "01f0fe8674045c35e33793268f1a2771", "headers": [{"Content-Type": "image/jpeg"}, {"content-disposition": "inline; filename=\"358413178_6302734153175759_7279559919559168433_n.jpeg\""}, {"content-security-policy": "script-src 'none'; frame-src 'none'; sandbox;"}, {"vary": "Accept"}, {"x-nextjs-cache": "HIT"}, {"CF-Cache-Status": "DYNAMIC"}, {"Report-To": "{\"endpoints\":[{\"url\":\"https:\\/\\/a.nel.cloudflare.com\\/report\\/v3?s=DbqRXvubQ4dTQnvvcBfJKUxcgtu42EUx237bEwg%2Fz1YxRonLS8iUyh4T3DyQ41LpzkkyDoWhjF3w%2B3iH%2F%2Fq8odyl8qMPbmJ5JsnAfJXSPAr9sUGECWMX2sy6pJvS3hGfg0ZuAA%3D%3D\"}],\"group\":\"cf-nel\",\"max_age\":604800}"}, {"NEL": "{\"success_fraction\":0,\"report_to\":\"cf-nel\",\"max_age\":604800}"}, {"Server": "cloudflare"}, {"CF-RAY": "81f453a03d904112-SIN"}, {"alt-svc": "h3=\":443\"; ma=86400"}]}, "/_next/image?url=https://speed-engine.art/provider/habanero.png": {"hash": "f518442a74f568c38b861965d668a2a3", "headers": [{"Content-Type": "image/png"}, {"content-disposition": "inline; filename=\"habanero.png\""}, {"content-security-policy": "script-src 'none'; frame-src 'none'; sandbox;"}, {"vary": "Accept"}, {"x-nextjs-cache": "HIT"}, {"CF-Cache-Status": "DYNAMIC"}, {"Report-To": "{\"endpoints\":[{\"url\":\"https:\\/\\/a.nel.cloudflare.com\\/report\\/v3?s=tSeyspqqTQI90DHAXhdoadLjlHAcI4mbd2UMFYncNKyj2iaF10m66JM1pVDq2boX8xTxYwPI2AhqmRjm4UKL3cNJtF7A4TVZDiuWiHvBNo7UPiuFGNlwziWDq1xToutg8sdCAA%3D%3D\"}],\"group\":\"cf-nel\",\"max_age\":604800}"}, {"NEL": "{\"success_fraction\":0,\"report_to\":\"cf-nel\",\"max_age\":604800}"}, {"Server": "cloudflare"}, {"CF-RAY": "81f453a08dfd4112-SIN"}, {"alt-svc": "h3=\":443\"; ma=86400"}]}, "/_next/image?url=https://speed-engine.art/provider/joker.png": {"hash": "6f08057efa7403c0b474ecf53569edd8", "headers": [{"Content-Type": "image/png"}, {"content-disposition": "inline; filename=\"joker.png\""}, {"content-security-policy": "script-src 'none'; frame-src 'none'; sandbox;"}, {"vary": "Accept"}, {"x-nextjs-cache": "HIT"}, {"CF-Cache-Status": "DYNAMIC"}, {"Report-To": "{\"endpoints\":[{\"url\":\"https:\\/\\/a.nel.cloudflare.com\\/report\\/v3?s=q0CI8RdYbXnLtor9f4YOC8BMTbKgYTvJotVjjaEIsyRS3zDRIqYD3zKIMB9mhI2yBnsPMKJll5aUkHuG3%2FrKwCMk3kRor4O2nW4drc2LhkOUL43JUSg9TIu4A77B9ZIKfbOokw%3D%3D\"}],\"group\":\"cf-nel\",\"max_age\":604800}"}, {"NEL": "{\"success_fraction\":0,\"report_to\":\"cf-nel\",\"max_age\":604800}"}, {"Server": "cloudflare"}, {"CF-RAY": "81f453a0ce724112-SIN"}, {"alt-svc": "h3=\":443\"; ma=86400"}]}, "/_next/image?url=https://speed-engine.art/provider/nolimitcity.png": {"hash": "4fbd1fdd74ed35e59bf84e5321f95e22", "headers": [{"Content-Type": "image/png"}, {"content-disposition": "inline; filename=\"nolimitcity.png\""}, {"content-security-policy": "script-src 'none'; frame-src 'none'; sandbox;"}, {"vary": "Accept"}, {"x-nextjs-cache": "HIT"}, {"CF-Cache-Status": "DYNAMIC"}, {"Report-To": "{\"endpoints\":[{\"url\":\"https:\\/\\/a.nel.cloudflare.com\\/report\\/v3?s=L3KL4PSttK8wE981xLa4u33tymcAhhDVSW0BEJdS%2BAMr7%2B1xNsLnuXnJ2nwn13Ikv84Vj16Y%2BeUOY4qcCXtMdr4A0NlOvDgVsUFeU4avA4A4ysM%2Bqk8XkTzmIiSGa1YnCoxPYQ%3D%3D\"}],\"group\":\"cf-nel\",\"max_age\":604800}"}, {"NEL": "{\"success_fraction\":0,\"report_to\":\"cf-nel\",\"max_age\":604800}"}, {"Server": "cloudflare"}, {"CF-RAY": "81f453a10ed54112-SIN"}, {"alt-svc": "h3=\":443\"; ma=86400"}]}, "/_next/image?url=https://speed-engine.art/provider/playstar.png": {"hash": "8c5061016db8b297f1165bf8690c73d8", "headers": [{"Content-Type": "image/png"}, {"content-disposition": "inline; filename=\"playstar.png\""}, {"content-security-policy": "script-src 'none'; frame-src 'none'; sandbox;"}, {"vary": "Accept"}, {"x-nextjs-cache": "HIT"}, {"CF-Cache-Status": "DYNAMIC"}, {"Report-To": "{\"endpoints\":[{\"url\":\"https:\\/\\/a.nel.cloudflare.com\\/report\\/v3?s=HtbrEcRSQEL5e4pz0EsipX2Byf0ilNCQVEy4W%2Bo5CpbGPbrk4%2FP%2FWd2E4mTbSrvOXWEbBJ%2Bzinm8dHJpl4AcG9QxP5e8Mzcz5cgjH0f5Kfmr4cbayDQBSHpKUbhu5Yh2nZE4Qg%3D%3D\"}],\"group\":\"cf-nel\",\"max_age\":604800}"}, {"NEL": "{\"success_fraction\":0,\"report_to\":\"cf-nel\",\"max_age\":604800}"}, {"Server": "cloudflare"}, {"CF-RAY": "81f453a14f214112-SIN"}, {"alt-svc": "h3=\":443\"; ma=86400"}]}, "/_next/image?url=https://speed-engine.art/provider/sabasport.png": {"hash": "99c79c6ce3876b90cb7552f758d8e238", "headers": [{"Content-Type": "image/png"}, {"content-disposition": "inline; filename=\"sabasport.png\""}, {"content-security-policy": "script-src 'none'; frame-src 'none'; sandbox;"}, {"vary": "Accept"}, {"x-nextjs-cache": "HIT"}, {"CF-Cache-Status": "DYNAMIC"}, {"Report-To": "{\"endpoints\":[{\"url\":\"https:\\/\\/a.nel.cloudflare.com\\/report\\/v3?s=vpPuC8UI9Ayo%2FSIUtXHwbauAG0JgooKdps6Yb5lzqBotK8CW1txd6XWFdO8mQivbcjCLS1Im7dgKyqmzsCqsmcgo48%2BgQNYrrXXeEshRJbBrCAyp9vi2SuzPO%2Bn%2Fq9VE1zUCLw%3D%3D\"}],\"group\":\"cf-nel\",\"max_age\":604800}"}, {"NEL": "{\"success_fraction\":0,\"report_to\":\"cf-nel\",\"max_age\":604800}"}, {"Server": "cloudflare"}, {"CF-RAY": "81f453a18f6c4112-SIN"}, {"alt-svc": "h3=\":443\"; ma=86400"}]}, "/_next/image?url=https://speed-engine.art/provider/spadegaming.png": {"hash": "2fc5aaa07e95997a14efbdd4ffe19084", "headers": [{"Content-Type": "image/png"}, {"content-disposition": "inline; filename=\"spadegaming.png\""}, {"content-security-policy": "script-src 'none'; frame-src 'none'; sandbox;"}, {"vary": "Accept"}, {"x-nextjs-cache": "HIT"}, {"CF-Cache-Status": "DYNAMIC"}, {"Report-To": "{\"endpoints\":[{\"url\":\"https:\\/\\/a.nel.cloudflare.com\\/report\\/v3?s=%2FAwxcMtMLR3GzDBFMEB777U5OseIQkzqGH93W6hnXzsq91a6ofiBWyfrjNTzAt8KUhvTW13N1FzXfSGwpFXYOosSG5S4tScyxFrLtppp9%2BHuGFhMT3L%2F9DBzyENazuBpMnbfGw%3D%3D\"}],\"group\":\"cf-nel\",\"max_age\":604800}"}, {"NEL": "{\"success_fraction\":0,\"report_to\":\"cf-nel\",\"max_age\":604800}"}, {"Server": "cloudflare"}, {"CF-RAY": "81f453a1bfc34112-SIN"}, {"alt-svc": "h3=\":443\"; ma=86400"}]}, "/_next/image?url=https://speed-engine.art/provider/spinix.png": {"hash": "ceb13fc8f574cba8f9e9aa4f7a06c204", "headers": [{"Content-Type": "image/png"}, {"content-disposition": "inline; filename=\"spinix.png\""}, {"content-security-policy": "script-src 'none'; frame-src 'none'; sandbox;"}, {"vary": "Accept"}, {"x-nextjs-cache": "HIT"}, {"CF-Cache-Status": "DYNAMIC"}, {"Report-To": "{\"endpoints\":[{\"url\":\"https:\\/\\/a.nel.cloudflare.com\\/report\\/v3?s=IbEPutie0HewQmuGMATkMcWCJQZ%2FMgItzv24%2Fdu%2B%2BsN1BC2bHlZ12HRKcB%2BiKfQQ3qq0ZM2QQbdc5lex5bBITebsX9iRBjpsJZnsR7APwjL8MQpmIpzR22o6dvQ0aLoe5ObpzQ%3D%3D\"}],\"group\":\"cf-nel\",\"max_age\":604800}"}, {"NEL": "{\"success_fraction\":0,\"report_to\":\"cf-nel\",\"max_age\":604800}"}, {"Server": "cloudflare"}, {"CF-RAY": "81f453a1f8224112-SIN"}, {"alt-svc": "h3=\":443\"; ma=86400"}]}, "/_next/image?url=https://speed-engine.art/provider/toptrendgaming.png": {"hash": "6a6029e61eca325481e02c690d319f31", "headers": [{"Content-Type": "image/png"}, {"content-disposition": "inline; filename=\"toptrendgaming.png\""}, {"content-security-policy": "script-src 'none'; frame-src 'none'; sandbox;"}, {"vary": "Accept"}, {"x-nextjs-cache": "HIT"}, {"CF-Cache-Status": "DYNAMIC"}, {"Report-To": "{\"endpoints\":[{\"url\":\"https:\\/\\/a.nel.cloudflare.com\\/report\\/v3?s=yqTZwFG4eO6aSRe8tGgNBd1iQs2AB68RUfFc2sFGmL56Vb2Qs2YSvkIeIEKPa8FURUuyJumsCr2J8Q77PUuHjQoGoC2%2B5H1INr3%2FNKx2bQA0%2BQ%2B8VlOf9GCiQfCeljOCflTaHw%3D%3D\"}],\"group\":\"cf-nel\",\"max_age\":604800}"}, {"NEL": "{\"success_fraction\":0,\"report_to\":\"cf-nel\",\"max_age\":604800}"}, {"Server": "cloudflare"}, {"CF-RAY": "81f453a238924112-SIN"}, {"alt-svc": "h3=\":443\"; ma=86400"}]}, "/images/license-1.svg": {"hash": "d45e9a1a5dd97ca25d0ac32191c0c6bf", "headers": [{"Content-Type": "image/svg+xml"}, {"last-modified": "Wed, 01 Nov 2023 07:08:31 GMT"}, {"vary": "Accept-Encoding"}, {"CF-Cache-Status": "REVALIDATED"}, {"Report-To": "{\"endpoints\":[{\"url\":\"https:\\/\\/a.nel.cloudflare.com\\/report\\/v3?s=u2DvJ0lkABOoRIJWlJVPFia%2BK1lse25Vqa8UQkyZXzDeCeIarZbm98tHF7F3izjXSg9%2FHtX6TPaotTSDzXAUNkBpjtnS2TWolYBxvmTdoOHHCub0oscBcDPMNJkVVRmUDupxhA%3D%3D\"}],\"group\":\"cf-nel\",\"max_age\":604800}"}, {"NEL": "{\"success_fraction\":0,\"report_to\":\"cf-nel\",\"max_age\":604800}"}, {"Server": "cloudflare"}, {"CF-RAY": "81f453a278de4112-SIN"}, {"alt-svc": "h3=\":443\"; ma=86400"}]}, "/images/license-2.svg": {"hash": "9875daeea876cae4a9d28fe64a4d267a", "headers": [{"Content-Type": "image/svg+xml"}, {"last-modified": "Wed, 01 Nov 2023 07:08:31 GMT"}, {"vary": "Accept-Encoding"}, {"CF-Cache-Status": "REVALIDATED"}, {"Report-To": "{\"endpoints\":[{\"url\":\"https:\\/\\/a.nel.cloudflare.com\\/report\\/v3?s=IGF0QV3C0oB%2Btuv5b2M6bEvQvK1FoXyu0Y8olZG2O2m80VSYCD1LygB7Y%2FFFvDVZv7FXcW6I%2B2wsUM8Z9VfPBoWZ%2F6k%2FZ4FpbT0NfhXvHR%2BKLN0aRWEEFm6oTFCh4KGr0O5ufw%3D%3D\"}],\"group\":\"cf-nel\",\"max_age\":604800}"}, {"NEL": "{\"success_fraction\":0,\"report_to\":\"cf-nel\",\"max_age\":604800}"}, {"Server": "cloudflare"}, {"CF-RAY": "81f453a2d9404112-SIN"}, {"alt-svc": "h3=\":443\"; ma=86400"}]}, "/images/license-3.svg": {"hash": "4aec55e5cf7711eeb94033aef2409b00", "headers": [{"Content-Type": "image/svg+xml"}, {"last-modified": "Wed, 01 Nov 2023 07:08:31 GMT"}, {"vary": "Accept-Encoding"}, {"CF-Cache-Status": "REVALIDATED"}, {"Report-To": "{\"endpoints\":[{\"url\":\"https:\\/\\/a.nel.cloudflare.com\\/report\\/v3?s=9k7xXILZYDZsh%2FGeRxWAbZdseFfRO5TRMdOy%2B43bo6hKVHILcHAA%2BNYXDvk581GzlIB%2F1WGaKMeD0mgIQJTX7Oal6yXH%2FyMeaAw%2FLK8LlQ0cmALleOqLTbWq6wFE8ECW8mQ6VQ%3D%3D\"}],\"group\":\"cf-nel\",\"max_age\":604800}"}, {"NEL": "{\"success_fraction\":0,\"report_to\":\"cf-nel\",\"max_age\":604800}"}, {"Server": "cloudflare"}, {"CF-RAY": "81f453a339c74112-SIN"}, {"alt-svc": "h3=\":443\"; ma=86400"}]}, "/images/license-4.svg": {"hash": "6f330d44b7bdcb563a646c4b773aa172", "headers": [{"Content-Type": "image/svg+xml"}, {"last-modified": "Wed, 01 Nov 2023 07:08:31 GMT"}, {"vary": "Accept-Encoding"}, {"CF-Cache-Status": "REVALIDATED"}, {"Report-To": "{\"endpoints\":[{\"url\":\"https:\\/\\/a.nel.cloudflare.com\\/report\\/v3?s=xzKdotGagSk2%2Bpov9%2F9w6%2BAp3ijJUSZef4Uv0uGteDLInh47G29flD9c562KnQ%2Fp0xoE3H6nN%2Bch61gtBBcZVlKgeOJaj7N9XTQuv52LfOi5hvbIn3TdGYu%2FtzXq3BezlREVdw%3D%3D\"}],\"group\":\"cf-nel\",\"max_age\":604800}"}, {"NEL": "{\"success_fraction\":0,\"report_to\":\"cf-nel\",\"max_age\":604800}"}, {"Server": "cloudflare"}, {"CF-RAY": "81f453a39a404112-SIN"}, {"alt-svc": "h3=\":443\"; ma=86400"}]}, "/images/license-5.svg": {"hash": "7a332474a2ac8fce24f4ea719ad777c9", "headers": [{"Content-Type": "image/svg+xml"}, {"last-modified": "Wed, 01 Nov 2023 07:08:31 GMT"}, {"vary": "Accept-Encoding"}, {"CF-Cache-Status": "REVALIDATED"}, {"Report-To": "{\"endpoints\":[{\"url\":\"https:\\/\\/a.nel.cloudflare.com\\/report\\/v3?s=ns0cjPS%2FuC2fiFTMjaHNjKTd2ZmB7GAJ7Fyx7G9kSaNGyUVINJsXvgfzMCZIkWJbW%2Bm3H9GE0JteR0U4X6YeK%2Bn3LlGiZYsP6teojwLfhRScCICCJRGYpocChpQ1kEajlhFgQg%3D%3D\"}],\"group\":\"cf-nel\",\"max_age\":604800}"}, {"NEL": "{\"success_fraction\":0,\"report_to\":\"cf-nel\",\"max_age\":604800}"}, {"Server": "cloudflare"}, {"CF-RAY": "81f453a3fab34112-SIN"}, {"alt-svc": "h3=\":443\"; ma=86400"}]}, "/images/license-6.svg": {"hash": "a10526b62136eae1885eaa862b8377b7", "headers": [{"Content-Type": "image/svg+xml"}, {"last-modified": "Wed, 01 Nov 2023 07:08:31 GMT"}, {"vary": "Accept-Encoding"}, {"CF-Cache-Status": "REVALIDATED"}, {"Report-To": "{\"endpoints\":[{\"url\":\"https:\\/\\/a.nel.cloudflare.com\\/report\\/v3?s=7GQBX0G9EFYb%2BxNOOD7qLZPlqawcT2%2F6sztm84vA1YPDrwXRdT1S4%2B8XF8PqSD6WPer1GFx1s1SqBpgOBjz4ww2agJvKNotkHM7S2YRrgSZapgUT1mD3MQuA0yRo%2BN5H5ENt4Q%3D%3D\"}],\"group\":\"cf-nel\",\"max_age\":604800}"}, {"NEL": "{\"success_fraction\":0,\"report_to\":\"cf-nel\",\"max_age\":604800}"}, {"Server": "cloudflare"}, {"CF-RAY": "81f453a45b2f4112-SIN"}, {"alt-svc": "h3=\":443\"; ma=86400"}]}, "/images/responsibilities-1.svg": {"hash": "d924c5428485269a108f32a51f5b05fe", "headers": [{"Content-Type": "image/svg+xml"}, {"last-modified": "Wed, 01 Nov 2023 07:08:31 GMT"}, {"vary": "Accept-Encoding"}, {"CF-Cache-Status": "REVALIDATED"}, {"Report-To": "{\"endpoints\":[{\"url\":\"https:\\/\\/a.nel.cloudflare.com\\/report\\/v3?s=uNpO%2BCsbmrJ%2B8xDtX955nAz10ntiX4b9pz6JavWfpCC2SAYO2dePkFs2pxAiyy1O%2FSK5oVKx7EYSI1v45C1H8jCduYPma0S2tYRlbOvy0fRxrnSGudX7TilJPoZT1MX95hCT2Q%3D%3D\"}],\"group\":\"cf-nel\",\"max_age\":604800}"}, {"NEL": "{\"success_fraction\":0,\"report_to\":\"cf-nel\",\"max_age\":604800}"}, {"Server": "cloudflare"}, {"CF-RAY": "81f453a4ab914112-SIN"}, {"alt-svc": "h3=\":443\"; ma=86400"}]}, "/images/responsibilities-2.svg": {"hash": "445b3cc575b423e8262637fbd9d428f5", "headers": [{"Content-Type": "image/svg+xml"}, {"last-modified": "Wed, 01 Nov 2023 07:08:31 GMT"}, {"vary": "Accept-Encoding"}, {"CF-Cache-Status": "REVALIDATED"}, {"Report-To": "{\"endpoints\":[{\"url\":\"https:\\/\\/a.nel.cloudflare.com\\/report\\/v3?s=dptPk%2FWxLVL03l5Q6VRj0JJEgAMzucaMkPdIoyMCzQgvEyXvJX2FenYz0nWI03S11ZJXe0sgT0nXYnXAEBiIimS0s65u27KOzL%2Bds3oLJwlQ4sak0%2BzQ6%2BpyW8Z%2B3hblvjwy6w%3D%3D\"}],\"group\":\"cf-nel\",\"max_age\":604800}"}, {"NEL": "{\"success_fraction\":0,\"report_to\":\"cf-nel\",\"max_age\":604800}"}, {"Server": "cloudflare"}, {"CF-RAY": "81f453a50c004112-SIN"}, {"alt-svc": "h3=\":443\"; ma=86400"}]}, "/images/responsibilities-3.svg": {"hash": "57928a506ec2b08baae65c29fea5fbc6", "headers": [{"Content-Type": "image/svg+xml"}, {"last-modified": "Wed, 01 Nov 2023 07:08:31 GMT"}, {"vary": "Accept-Encoding"}, {"CF-Cache-Status": "REVALIDATED"}, {"Report-To": "{\"endpoints\":[{\"url\":\"https:\\/\\/a.nel.cloudflare.com\\/report\\/v3?s=x9Bran7ZO%2FeecjUUMN1tt25FePnf7AVEhINU3Tsp257SOwbbiw6%2F11rNH3X3qn7XFdALMeHFxPmUXKxL5vtbnuQzH4HYf2bPV8rnxk5ra%2BtCVDxEAWEph3N5PeHM5qMZgG1swg%3D%3D\"}],\"group\":\"cf-nel\",\"max_age\":604800}"}, {"NEL": "{\"success_fraction\":0,\"report_to\":\"cf-nel\",\"max_age\":604800}"}, {"Server": "cloudflare"}, {"CF-RAY": "81f453a56c8d4112-SIN"}, {"alt-svc": "h3=\":443\"; ma=86400"}]}, "/images/responsibilities-4.svg": {"hash": "c41b7d670fb4435a6a6648d15a17e1bb", "headers": [{"Content-Type": "image/svg+xml"}, {"last-modified": "Wed, 01 Nov 2023 07:08:31 GMT"}, {"vary": "Accept-Encoding"}, {"CF-Cache-Status": "REVALIDATED"}, {"Report-To": "{\"endpoints\":[{\"url\":\"https:\\/\\/a.nel.cloudflare.com\\/report\\/v3?s=eLIp%2BBStN2Lfkq%2BFxWzIPzcA16n2H04v2yr2uTFPLNRMebLjByUFPZI4Pu0NTXeU1HtI9PUf2kMhRpRgYZ1oWxSOQBD9HP%2Bm6mVasSLuzOywsvUNB80oJml4zHmnzsNbbc4B6g%3D%3D\"}],\"group\":\"cf-nel\",\"max_age\":604800}"}, {"NEL": "{\"success_fraction\":0,\"report_to\":\"cf-nel\",\"max_age\":604800}"}, {"Server": "cloudflare"}, {"CF-RAY": "81f453a5acf14112-SIN"}, {"alt-svc": "h3=\":443\"; ma=86400"}]}, "/gtag/js?id=G-TMNQEFQSM8": {"hash": "38e8287121a2e3be25456634fc6e45f0", "headers": [{"Content-Type": "application/javascript; charset=UTF-8"}, {"Access-Control-Allow-Origin": "*"}, {"Access-Control-Allow-Credentials": "true"}, {"Access-Control-Allow-Headers": "Cache-Control"}, {"Vary": "Accept-Encoding"}, {"Strict-Transport-Security": "max-age=31536000; includeSubDomains"}, {"Cross-Origin-Resource-Policy": "cross-origin"}, {"Server": "Google Tag Manager"}, {"X-XSS-Protection": "0"}, {"Alt-Svc": "h3=\":443\"; ma=2592000,h3-29=\":443\"; ma=2592000"}]}, "/customer/action/open_chat?license_id=15301716": {"hash": "f972bf150c545def9df326697e450ecd", "headers": [{"Content-Type": "text/html; charset=utf-8"}, {"Vary": "Accept-Encoding"}]}, "/_next/static/chunks/pages/_error-9e7644ba2b7ca8e9.js": {"hash": "ca1244a354ad60a4ffcada4a41ef4dbc", "headers": [{"Content-Type": "application/javascript; charset=UTF-8"}, {"last-modified": "Tue, 31 Oct 2023 11:22:06 GMT"}, {"vary": "Accept-Encoding"}, {"CF-Cache-Status": "HIT"}, {"Report-To": "{\"endpoints\":[{\"url\":\"https:\\/\\/a.nel.cloudflare.com\\/report\\/v3?s=iz%2FCIgDWLh0L0hce1eAW6QwCeG%2BwwGgs5jqUltiLKxhWh8Il2U%2FY90LlIUst6M5RzgdfACmycqpiQVBnjS8WbR0nXxg7xShW3K%2BGtDl77G7Ao5m%2F%2FZkwnyhenlgV4tYH8hvBhg%3D%3D\"}],\"group\":\"cf-nel\",\"max_age\":604800}"}, {"NEL": "{\"success_fraction\":0,\"report_to\":\"cf-nel\",\"max_age\":604800}"}, {"Server": "cloudflare"}, {"CF-RAY": "81f453a96a1e4112-SIN"}, {"alt-svc": "h3=\":443\"; ma=86400"}]}, "/_next/static/media/urbanist-latin-ext-100-normal.0896ca38.woff2": {"hash": "2e2b7092f2523cc2a92d45ce9c5d1bfa", "headers": [{"Content-Type": "font/woff2"}, {"last-modified": "Tue, 31 Oct 2023 11:22:06 GMT"}, {"CF-Cache-Status": "HIT"}, {"Accept-Ranges": "bytes"}, {"Report-To": "{\"endpoints\":[{\"url\":\"https:\\/\\/a.nel.cloudflare.com\\/report\\/v3?s=pGV8NWwM4hK8Ii3HOwN%2B4Da6toglhtm7fVH6vj%2BoHO0noa1AGS3%2FWmegKGUhmOiKE6AO%2BaVZeMiRL8rHPXhGot5LpppX6obvvSIEDBAe%2BYDuy8Ow9r44x7UMn4OStWkBrjgheA%3D%3D\"}],\"group\":\"cf-nel\",\"max_age\":604800}"}, {"NEL": "{\"success_fraction\":0,\"report_to\":\"cf-nel\",\"max_age\":604800}"}, {"Vary": "Accept-Encoding"}, {"Server": "cloudflare"}, {"CF-RAY": "81f453a99a444112-SIN"}, {"alt-svc": "h3=\":443\"; ma=86400"}]}, "/_next/static/media/urbanist-all-100-normal.1ae2e896.woff": {"hash": "3a874110cb0d624ad12a8cdfdbbed2e1", "headers": [{"Content-Type": "font/woff"}, {"last-modified": "Tue, 31 Oct 2023 11:22:06 GMT"}, {"CF-Cache-Status": "HIT"}, {"Accept-Ranges": "bytes"}, {"Report-To": "{\"endpoints\":[{\"url\":\"https:\\/\\/a.nel.cloudflare.com\\/report\\/v3?s=zjtt3azn6HSWK8284kkT8Gury32sN5qtyEVd0E9G6ZEglB7Nm36kBqp2EAhGV%2FEXn%2F%2Fhv84TSS8sK1RrbVhpK2gycuyvKhx4K8bwEvHLw2T1Ffqb3bwgaqHxAUNU19mVgkzw2g%3D%3D\"}],\"group\":\"cf-nel\",\"max_age\":604800}"}, {"NEL": "{\"success_fraction\":0,\"report_to\":\"cf-nel\",\"max_age\":604800}"}, {"Vary": "Accept-Encoding"}, {"Server": "cloudflare"}, {"CF-RAY": "81f453a9ca9c4112-SIN"}, {"alt-svc": "h3=\":443\"; ma=86400"}]}, "/_next/static/media/urbanist-latin-100-normal.acf016ff.woff2": {"hash": "f42ca31cc90db013674fd1d351656764", "headers": [{"Content-Type": "font/woff2"}, {"last-modified": "Tue, 31 Oct 2023 11:22:06 GMT"}, {"CF-Cache-Status": "HIT"}, {"Accept-Ranges": "bytes"}, {"Report-To": "{\"endpoints\":[{\"url\":\"https:\\/\\/a.nel.cloudflare.com\\/report\\/v3?s=3Gu1xf%2B3Qux6KVGcFfzb8ZDzbj3B9ZCrgZbDqauHTh82qZRqF7RV%2BXAMNsIxeZR%2F2U7Ce6rvdiD2H6ixSUsqVnpH38cyacchL27ZOgjUclAXqbWnx9QZhPzJiPKo%2BUTHDhM1mQ%3D%3D\"}],\"group\":\"cf-nel\",\"max_age\":604800}"}, {"NEL": "{\"success_fraction\":0,\"report_to\":\"cf-nel\",\"max_age\":604800}"}, {"Vary": "Accept-Encoding"}, {"Server": "cloudflare"}, {"CF-RAY": "81f453a9fad04112-SIN"}, {"alt-svc": "h3=\":443\"; ma=86400"}]}, "/_next/static/media/urbanist-latin-ext-200-normal.ab36560f.woff2": {"hash": "1052578fcf9c97b952df63f3e90e4c7f", "headers": [{"Content-Type": "font/woff2"}, {"last-modified": "Tue, 31 Oct 2023 11:22:06 GMT"}, {"CF-Cache-Status": "HIT"}, {"Accept-Ranges": "bytes"}, {"Report-To": "{\"endpoints\":[{\"url\":\"https:\\/\\/a.nel.cloudflare.com\\/report\\/v3?s=tdzWSZScb%2FYK26JeT3C5Z9%2Bk13rQpp5d2BjMyYoNmxwtC9I8n2VW6uO6kfVMtEOH8rb90QsaYjVQB7tTzALOxmcDXEReB0Q92cgSfI%2FTUKPpMqgdJPV9AKjY7wD3G5GijlZwZA%3D%3D\"}],\"group\":\"cf-nel\",\"max_age\":604800}"}, {"NEL": "{\"success_fraction\":0,\"report_to\":\"cf-nel\",\"max_age\":604800}"}, {"Vary": "Accept-Encoding"}, {"Server": "cloudflare"}, {"CF-RAY": "81f453aa2b0b4112-SIN"}, {"alt-svc": "h3=\":443\"; ma=86400"}]}, "/_next/static/media/urbanist-all-200-normal.faab66cc.woff": {"hash": "05e2d269fa4937e6ac062d8c6cdf1e92", "headers": [{"Content-Type": "font/woff"}, {"last-modified": "Tue, 31 Oct 2023 11:22:06 GMT"}, {"CF-Cache-Status": "HIT"}, {"Accept-Ranges": "bytes"}, {"Report-To": "{\"endpoints\":[{\"url\":\"https:\\/\\/a.nel.cloudflare.com\\/report\\/v3?s=WXlrMNOHzuq5zewJCk6DpZWRJUfG6VW4YfWl6dxhyjhBzp5mLmgeUsXPCnp1vgSGG6fsAcxW59raROiHHsr%2FjjtGFTqzidy%2BV6GU3RKkLHt4BDKcsToEub%2BC6ox3SBpAEpK%2BhA%3D%3D\"}],\"group\":\"cf-nel\",\"max_age\":604800}"}, {"NEL": "{\"success_fraction\":0,\"report_to\":\"cf-nel\",\"max_age\":604800}"}, {"Vary": "Accept-Encoding"}, {"Server": "cloudflare"}, {"CF-RAY": "81f453aa5b464112-SIN"}, {"alt-svc": "h3=\":443\"; ma=86400"}]}, "/_next/static/media/urbanist-latin-200-normal.be01b639.woff2": {"hash": "aac57d5740820f03ffa99bc3de029f96", "headers": [{"Content-Type": "font/woff2"}, {"last-modified": "Tue, 31 Oct 2023 11:22:06 GMT"}, {"CF-Cache-Status": "HIT"}, {"Accept-Ranges": "bytes"}, {"Report-To": "{\"endpoints\":[{\"url\":\"https:\\/\\/a.nel.cloudflare.com\\/report\\/v3?s=UrKSipnBBVZahZnILx5RM7YSquXn1tvnf5YXpegKpp50SvIKHGwgtlb37ixXe5r20BiCOc325%2FNrjZpmRy2JZ9C9HeH074XNnDFMkqCHjREVXJSvdIu44365nHmeK6UItvHw0Q%3D%3D\"}],\"group\":\"cf-nel\",\"max_age\":604800}"}, {"NEL": "{\"success_fraction\":0,\"report_to\":\"cf-nel\",\"max_age\":604800}"}, {"Vary": "Accept-Encoding"}, {"Server": "cloudflare"}, {"CF-RAY": "81f453aa8b764112-SIN"}, {"alt-svc": "h3=\":443\"; ma=86400"}]}, "/_next/static/media/urbanist-latin-ext-300-normal.95d2e785.woff2": {"hash": "dc1a1192ef74514945ccc519ba898b42", "headers": [{"Content-Type": "font/woff2"}, {"last-modified": "Tue, 31 Oct 2023 11:22:06 GMT"}, {"CF-Cache-Status": "HIT"}, {"Accept-Ranges": "bytes"}, {"Report-To": "{\"endpoints\":[{\"url\":\"https:\\/\\/a.nel.cloudflare.com\\/report\\/v3?s=YiR5zSGOhL39Lv0OLhk8CZVfpA7dX6Zb4KKGiQOOeqCRFxLNiRz6Vzthqbg2GL0mHJbxrrY786gGFz6%2Biu9qpY5ljzr6AkA4hlW0QlGJ%2FwrBnVBmm2UidAhIYthhUDT%2F5l%2BDXg%3D%3D\"}],\"group\":\"cf-nel\",\"max_age\":604800}"}, {"NEL": "{\"success_fraction\":0,\"report_to\":\"cf-nel\",\"max_age\":604800}"}, {"Vary": "Accept-Encoding"}, {"Server": "cloudflare"}, {"CF-RAY": "81f453aacbc94112-SIN"}, {"alt-svc": "h3=\":443\"; ma=86400"}]}, "/_next/static/media/urbanist-all-300-normal.2157cf6d.woff": {"hash": "e2607cf8729299fe754a8ea2332984af", "headers": [{"Content-Type": "font/woff"}, {"last-modified": "Tue, 31 Oct 2023 11:22:06 GMT"}, {"CF-Cache-Status": "HIT"}, {"Accept-Ranges": "bytes"}, {"Report-To": "{\"endpoints\":[{\"url\":\"https:\\/\\/a.nel.cloudflare.com\\/report\\/v3?s=%2Bby340K%2F%2BP60yowtKDg69ZeF%2BjSUmjSvwir4F1x2ebnBb2b3NwPRtS2VWjVQBnBY2ulAfHyUssKRt6r1NREXN7hIK%2FfmxOTOh5sO60JZSpHUyzDkQnD47y2bS%2BRwTbvf3kO5Gg%3D%3D\"}],\"group\":\"cf-nel\",\"max_age\":604800}"}, {"NEL": "{\"success_fraction\":0,\"report_to\":\"cf-nel\",\"max_age\":604800}"}, {"Vary": "Accept-Encoding"}, {"Server": "cloudflare"}, {"CF-RAY": "81f453aafc064112-SIN"}, {"alt-svc": "h3=\":443\"; ma=86400"}]}, "/_next/static/media/urbanist-latin-300-normal.8514836b.woff2": {"hash": "15a8dfa6b07e88778a0c982c4d0244b2", "headers": [{"Content-Type": "font/woff2"}, {"last-modified": "Tue, 31 Oct 2023 11:22:06 GMT"}, {"CF-Cache-Status": "HIT"}, {"Accept-Ranges": "bytes"}, {"Report-To": "{\"endpoints\":[{\"url\":\"https:\\/\\/a.nel.cloudflare.com\\/report\\/v3?s=GjRKR%2BoFvJwsU20DFxaaN2zAYdlKmggXDkbvvVazFfiqgJJnfZ9y4TLV4ZejSIg%2BPQMt7MPOWLURO94MEhC5tUseKanhZblTu3gCtEN1oy9NcPouhOMyuZsxiQkTyIIHGodrhA%3D%3D\"}],\"group\":\"cf-nel\",\"max_age\":604800}"}, {"NEL": "{\"success_fraction\":0,\"report_to\":\"cf-nel\",\"max_age\":604800}"}, {"Vary": "Accept-Encoding"}, {"Server": "cloudflare"}, {"CF-RAY": "81f453ab2c344112-SIN"}, {"alt-svc": "h3=\":443\"; ma=86400"}]}, "/_next/static/media/urbanist-latin-ext-400-normal.7263be50.woff2": {"hash": "69b59bfe622f6295d8f8922f0255a157", "headers": [{"Content-Type": "font/woff2"}, {"last-modified": "Tue, 31 Oct 2023 11:22:06 GMT"}, {"CF-Cache-Status": "HIT"}, {"Accept-Ranges": "bytes"}, {"Report-To": "{\"endpoints\":[{\"url\":\"https:\\/\\/a.nel.cloudflare.com\\/report\\/v3?s=7tLR%2BLlVfKx0g%2Fa3VLqlrsr%2F8sTzk27XjWQ77p3gT2t%2BnZVLxmR9lNcurr1o8qEZq7NqtnnpDEkQ0WPAdvEsIhDR7HQh0z6FqgtnGmq2BUbhiTx1EEYBZHsfAdfI4yEBUJnl6w%3D%3D\"}],\"group\":\"cf-nel\",\"max_age\":604800}"}, {"NEL": "{\"success_fraction\":0,\"report_to\":\"cf-nel\",\"max_age\":604800}"}, {"Vary": "Accept-Encoding"}, {"Server": "cloudflare"}, {"CF-RAY": "81f453ab5c704112-SIN"}, {"alt-svc": "h3=\":443\"; ma=86400"}]}, "/_next/static/media/urbanist-all-400-normal.234b1814.woff": {"hash": "1d577b56554b82cc5641abf1d932a4ca", "headers": [{"Content-Type": "font/woff"}, {"last-modified": "Tue, 31 Oct 2023 11:22:06 GMT"}, {"CF-Cache-Status": "HIT"}, {"Accept-Ranges": "bytes"}, {"Report-To": "{\"endpoints\":[{\"url\":\"https:\\/\\/a.nel.cloudflare.com\\/report\\/v3?s=Fbw7bOqcFIsUWXT71YZbjNAN%2BfZYlQNRfaAXiVU21zn4dMhR45q1fqIAWjq%2BiTo9P5ZURjZY1qusREOfpvvkV%2FmdpesiYoBJ74zx78cZvQtuf9%2BFEZ293cjxyh5Tsmfw7bL36A%3D%3D\"}],\"group\":\"cf-nel\",\"max_age\":604800}"}, {"NEL": "{\"success_fraction\":0,\"report_to\":\"cf-nel\",\"max_age\":604800}"}, {"Vary": "Accept-Encoding"}, {"Server": "cloudflare"}, {"CF-RAY": "81f453ab8cba4112-SIN"}, {"alt-svc": "h3=\":443\"; ma=86400"}]}, "/_next/static/media/urbanist-latin-400-normal.ab325c89.woff2": {"hash": "a704b835ed6a7a368ea0f38fbeed354e", "headers": [{"Content-Type": "font/woff2"}, {"last-modified": "Tue, 31 Oct 2023 11:22:06 GMT"}, {"CF-Cache-Status": "HIT"}, {"Accept-Ranges": "bytes"}, {"Report-To": "{\"endpoints\":[{\"url\":\"https:\\/\\/a.nel.cloudflare.com\\/report\\/v3?s=egbxfKl3tkfLD9LE1ucFUD8421dPZgT1OUyo5C1W4qXeCI41%2FFuCzuYSskdrvV1VdovsgZxs8B0H0pS8tnbk5WmcoF0tm2kvMT2mkjWehpMjiTAlDIsD2DrEkoteAYSXgVJ%2BUw%3D%3D\"}],\"group\":\"cf-nel\",\"max_age\":604800}"}, {"NEL": "{\"success_fraction\":0,\"report_to\":\"cf-nel\",\"max_age\":604800}"}, {"Vary": "Accept-Encoding"}, {"Server": "cloudflare"}, {"CF-RAY": "81f453abbd044112-SIN"}, {"alt-svc": "h3=\":443\"; ma=86400"}]}, "/_next/static/media/urbanist-latin-ext-500-normal.81fa883e.woff2": {"hash": "f53d3ff90b40e63bd2ffddfdcf8596fc", "headers": [{"Content-Type": "font/woff2"}, {"last-modified": "Tue, 31 Oct 2023 11:22:06 GMT"}, {"CF-Cache-Status": "HIT"}, {"Accept-Ranges": "bytes"}, {"Report-To": "{\"endpoints\":[{\"url\":\"https:\\/\\/a.nel.cloudflare.com\\/report\\/v3?s=TVMbGpxk4DPCSzuiQyY5HQ1r7C6ERrMwiZqq8DWEEciREngVRSaR6Mxk%2Fh8uJIr5qI%2FX0UYmH4%2BZaY576LS%2F9kLbFzFYWO%2FKmgGi2gTWwTtpfSzbmECetiVmwtJCb%2BpLpoWC1g%3D%3D\"}],\"group\":\"cf-nel\",\"max_age\":604800}"}, {"NEL": "{\"success_fraction\":0,\"report_to\":\"cf-nel\",\"max_age\":604800}"}, {"Vary": "Accept-Encoding"}, {"Server": "cloudflare"}, {"CF-RAY": "81f453abfd444112-SIN"}, {"alt-svc": "h3=\":443\"; ma=86400"}]}, "/_next/static/media/urbanist-all-500-normal.c2b93504.woff": {"hash": "ddb15c402cb267638a18b7588a590310", "headers": [{"Content-Type": "font/woff"}, {"last-modified": "Tue, 31 Oct 2023 11:22:06 GMT"}, {"CF-Cache-Status": "HIT"}, {"Accept-Ranges": "bytes"}, {"Report-To": "{\"endpoints\":[{\"url\":\"https:\\/\\/a.nel.cloudflare.com\\/report\\/v3?s=SGdO8jA8HIyHpPnveen49EbcD58JGjvKNVbKG19GteysXQ64w0yP4Hf2CSj4MrbNXk97pmd4UCX%2BvTvx86pxjEOqIt2H83YHdsndfI%2BdJRXSq9IzOADcu1Tij9NzR7IbQY40pg%3D%3D\"}],\"group\":\"cf-nel\",\"max_age\":604800}"}, {"NEL": "{\"success_fraction\":0,\"report_to\":\"cf-nel\",\"max_age\":604800}"}, {"Vary": "Accept-Encoding"}, {"Server": "cloudflare"}, {"CF-RAY": "81f453ac5dd64112-SIN"}, {"alt-svc": "h3=\":443\"; ma=86400"}]}, "/_next/static/media/urbanist-latin-500-normal.ead9643d.woff2": {"hash": "9c96f9bdf702261a94f51f43b13a357e", "headers": [{"Content-Type": "font/woff2"}, {"last-modified": "Tue, 31 Oct 2023 11:22:06 GMT"}, {"CF-Cache-Status": "HIT"}, {"Accept-Ranges": "bytes"}, {"Report-To": "{\"endpoints\":[{\"url\":\"https:\\/\\/a.nel.cloudflare.com\\/report\\/v3?s=2EyBA2kpXfGfvqceyA8tm4c1Yc68D%2B5gkNiE9Xat3%2BNTYdQSkdAJaK9AOwCe8NeFQ1IzhNJLfr1MgGVTOnTF%2F6WeikZ%2F%2BbwTeGpQoTPYuFY3jOjGoTRjOpiLV4S0cIRuEYEA3g%3D%3D\"}],\"group\":\"cf-nel\",\"max_age\":604800}"}, {"NEL": "{\"success_fraction\":0,\"report_to\":\"cf-nel\",\"max_age\":604800}"}, {"Vary": "Accept-Encoding"}, {"Server": "cloudflare"}, {"CF-RAY": "81f453ac8e164112-SIN"}, {"alt-svc": "h3=\":443\"; ma=86400"}]}, "/_next/static/media/urbanist-latin-ext-600-normal.5504d0d2.woff2": {"hash": "b9f22ca9ad7ae755f3aaa81e68910ef4", "headers": [{"Content-Type": "font/woff2"}, {"last-modified": "Tue, 31 Oct 2023 11:22:06 GMT"}, {"CF-Cache-Status": "HIT"}, {"Accept-Ranges": "bytes"}, {"Report-To": "{\"endpoints\":[{\"url\":\"https:\\/\\/a.nel.cloudflare.com\\/report\\/v3?s=s9JqSJJU%2BiBE8EAeEEhWcVBS6UdK%2FHa9mfD7fvQqKcJ6%2BuhkjTsvmyB%2BL0z1diqUrmRkjj0daw%2FHaPECrvZFDGGpPVF7fe100T0pG4O0nhRcANuIECS6CNNXPPR4hWCEAuVC6A%3D%3D\"}],\"group\":\"cf-nel\",\"max_age\":604800}"}, {"NEL": "{\"success_fraction\":0,\"report_to\":\"cf-nel\",\"max_age\":604800}"}, {"Vary": "Accept-Encoding"}, {"Server": "cloudflare"}, {"CF-RAY": "81f453acbe544112-SIN"}, {"alt-svc": "h3=\":443\"; ma=86400"}]}, "/_next/static/media/urbanist-all-600-normal.5d68b593.woff": {"hash": "cb96d930ff385feac8782b78045117f3", "headers": [{"Content-Type": "font/woff"}, {"last-modified": "Tue, 31 Oct 2023 11:22:06 GMT"}, {"CF-Cache-Status": "HIT"}, {"Accept-Ranges": "bytes"}, {"Report-To": "{\"endpoints\":[{\"url\":\"https:\\/\\/a.nel.cloudflare.com\\/report\\/v3?s=7WO9d%2Bm6D%2FCtLJVr%2Bh6rVcAxOFlSVMTg7NbCQtYUaYliQUbvRdwnD0rLKKAqW%2BBApEDIKL8aEov1UZK2Q4MSppUKdIBxQUXghFvf1mt8eqSKSP3Yom%2FBbY%2FMZkys8EILnGK4Hg%3D%3D\"}],\"group\":\"cf-nel\",\"max_age\":604800}"}, {"NEL": "{\"success_fraction\":0,\"report_to\":\"cf-nel\",\"max_age\":604800}"}, {"Vary": "Accept-Encoding"}, {"Server": "cloudflare"}, {"CF-RAY": "81f453aceeb04112-SIN"}, {"alt-svc": "h3=\":443\"; ma=86400"}]}, "/_next/static/media/urbanist-latin-600-normal.64528871.woff2": {"hash": "d062b140e3d5e594db7b772ac39e1277", "headers": [{"Content-Type": "font/woff2"}, {"last-modified": "Tue, 31 Oct 2023 11:22:06 GMT"}, {"CF-Cache-Status": "HIT"}, {"Accept-Ranges": "bytes"}, {"Report-To": "{\"endpoints\":[{\"url\":\"https:\\/\\/a.nel.cloudflare.com\\/report\\/v3?s=yC0ZlqLZ9PpNRn%2FgQMzhrgNlhX1VYMdtjYDSDeUSmAf1Cizfbl3PUs0egCCl79QC085cUBSlvKp3w4WLdHRlqWHL4lsaoSK7S74VvRBtJBrbv8AAgZDUTvG8PNkT5dhaBvz8RQ%3D%3D\"}],\"group\":\"cf-nel\",\"max_age\":604800}"}, {"NEL": "{\"success_fraction\":0,\"report_to\":\"cf-nel\",\"max_age\":604800}"}, {"Vary": "Accept-Encoding"}, {"Server": "cloudflare"}, {"CF-RAY": "81f453ad1edc4112-SIN"}, {"alt-svc": "h3=\":443\"; ma=86400"}]}, "/_next/static/media/urbanist-latin-ext-700-normal.a1ee8283.woff2": {"hash": "38a97dd5ac931ab70aa793a927dc9ceb", "headers": [{"Content-Type": "font/woff2"}, {"last-modified": "Tue, 31 Oct 2023 11:22:06 GMT"}, {"CF-Cache-Status": "HIT"}, {"Accept-Ranges": "bytes"}, {"Report-To": "{\"endpoints\":[{\"url\":\"https:\\/\\/a.nel.cloudflare.com\\/report\\/v3?s=hULuWlpcipdl5HS%2FQgJc5X5v1fhoqJXpqXXxPcBsl4daH1fxtKyOkiF%2Fe0U3vKiFq0OFmgNCYnr%2FzzfFvL2gOt5g9Jg0uZrfgzge3ME%2Bf5whZFe0thHjy7Ei%2BkUBb0ioyBLiCw%3D%3D\"}],\"group\":\"cf-nel\",\"max_age\":604800}"}, {"NEL": "{\"success_fraction\":0,\"report_to\":\"cf-nel\",\"max_age\":604800}"}, {"Vary": "Accept-Encoding"}, {"Server": "cloudflare"}, {"CF-RAY": "81f453ad4f214112-SIN"}, {"alt-svc": "h3=\":443\"; ma=86400"}]}, "/_next/static/media/urbanist-all-700-normal.7d7e62dc.woff": {"hash": "221e5bd45f8a4918ee81b4bfa7ab8289", "headers": [{"Content-Type": "font/woff"}, {"last-modified": "Tue, 31 Oct 2023 11:22:06 GMT"}, {"CF-Cache-Status": "HIT"}, {"Accept-Ranges": "bytes"}, {"Report-To": "{\"endpoints\":[{\"url\":\"https:\\/\\/a.nel.cloudflare.com\\/report\\/v3?s=FXA2PMRSBBhG5L3VM%2F6C5spVd9p%2FZQfzCwpxqz83qOYMCh12hRqXfbZ8Arn01WUW14bzVh9pDgcT0EY09JiLlFYKN%2BpDrRjrXswdeTIjlHvFOjb2gSvNV7LK8RXT61l5IwSEIw%3D%3D\"}],\"group\":\"cf-nel\",\"max_age\":604800}"}, {"NEL": "{\"success_fraction\":0,\"report_to\":\"cf-nel\",\"max_age\":604800}"}, {"Vary": "Accept-Encoding"}, {"Server": "cloudflare"}, {"CF-RAY": "81f453ad7fb04112-SIN"}, {"alt-svc": "h3=\":443\"; ma=86400"}]}, "/_next/static/media/urbanist-latin-700-normal.7fee036e.woff2": {"hash": "80cda3fd1934fcf8cdbff38c041348f7", "headers": [{"Content-Type": "font/woff2"}, {"last-modified": "Tue, 31 Oct 2023 11:22:06 GMT"}, {"CF-Cache-Status": "HIT"}, {"Accept-Ranges": "bytes"}, {"Report-To": "{\"endpoints\":[{\"url\":\"https:\\/\\/a.nel.cloudflare.com\\/report\\/v3?s=NLAI0pHUPIxc8QQXJKeRjSY7rjcTTatOyH%2F62glEm13uSID4nY1RLtstpSXFzRjfQFIc3WZzSk6J2e8Wr2Ru9mLWVqnyU%2FVOdRajO1S7H5kM4WNJ2AxqDotrrmOMGSCjLSGa3Q%3D%3D\"}],\"group\":\"cf-nel\",\"max_age\":604800}"}, {"NEL": "{\"success_fraction\":0,\"report_to\":\"cf-nel\",\"max_age\":604800}"}, {"Vary": "Accept-Encoding"}, {"Server": "cloudflare"}, {"CF-RAY": "81f453adb82d4112-SIN"}, {"alt-svc": "h3=\":443\"; ma=86400"}]}, "/_next/static/media/urbanist-latin-ext-800-normal.2eaceaab.woff2": {"hash": "746c0c5215891f0665b1166e424ba7d6", "headers": [{"Content-Type": "font/woff2"}, {"last-modified": "Tue, 31 Oct 2023 11:22:06 GMT"}, {"CF-Cache-Status": "HIT"}, {"Accept-Ranges": "bytes"}, {"Report-To": "{\"endpoints\":[{\"url\":\"https:\\/\\/a.nel.cloudflare.com\\/report\\/v3?s=DtAfkZNbTWAd5F870bQLf5OOB7a6ovphe8OCSpNbPSHtr%2Bg0GaNZPNIvqG4nR94q7caXuBngk7bsWUGaAJzbAhhRmO8VUsUVGu9j5asEzlKzY2nKMXOj2A%2BZ77YjY5o%2BeRCBWQ%3D%3D\"}],\"group\":\"cf-nel\",\"max_age\":604800}"}, {"NEL": "{\"success_fraction\":0,\"report_to\":\"cf-nel\",\"max_age\":604800}"}, {"Vary": "Accept-Encoding"}, {"Server": "cloudflare"}, {"CF-RAY": "81f453adf8a34112-SIN"}, {"alt-svc": "h3=\":443\"; ma=86400"}]}, "/_next/static/media/urbanist-all-800-normal.05845dda.woff": {"hash": "81511d19067be710087af3af5ac73003", "headers": [{"Content-Type": "font/woff"}, {"last-modified": "Tue, 31 Oct 2023 11:22:06 GMT"}, {"CF-Cache-Status": "HIT"}, {"Accept-Ranges": "bytes"}, {"Report-To": "{\"endpoints\":[{\"url\":\"https:\\/\\/a.nel.cloudflare.com\\/report\\/v3?s=ogvUu2LmZGvPS6ziCpj1y2bSHc4MaJjaucqJkQGdYhGDuRqNAk3hiDcNM%2B%2B7zONVKSxX5EA4wMTvMrY%2BoPvBmse2bVBbXBmbjGWh3ir4LUUSQrXDO%2FE8cuf0ww%2BxvuTqw2Zu7A%3D%3D\"}],\"group\":\"cf-nel\",\"max_age\":604800}"}, {"NEL": "{\"success_fraction\":0,\"report_to\":\"cf-nel\",\"max_age\":604800}"}, {"Vary": "Accept-Encoding"}, {"Server": "cloudflare"}, {"CF-RAY": "81f453ae28e54112-SIN"}, {"alt-svc": "h3=\":443\"; ma=86400"}]}, "/_next/static/media/urbanist-latin-800-normal.15bf1013.woff2": {"hash": "61ead84929e4a4a22f2966089d242f6f", "headers": [{"Content-Type": "font/woff2"}, {"last-modified": "Tue, 31 Oct 2023 11:22:06 GMT"}, {"CF-Cache-Status": "HIT"}, {"Accept-Ranges": "bytes"}, {"Report-To": "{\"endpoints\":[{\"url\":\"https:\\/\\/a.nel.cloudflare.com\\/report\\/v3?s=OffQApPL0cv9t3L%2FUt5%2FF07mMosqy74ZACuaE%2FsGdfshlq8xccRsZHuCbMZX0743jIqVJBeDq18AGwrzdo3ZUq1x1bIQ7aSrGMTf%2FJcmUb52aO0WD2sJr09KoyuvjAhm9FOm%2BA%3D%3D\"}],\"group\":\"cf-nel\",\"max_age\":604800}"}, {"NEL": "{\"success_fraction\":0,\"report_to\":\"cf-nel\",\"max_age\":604800}"}, {"Vary": "Accept-Encoding"}, {"Server": "cloudflare"}, {"CF-RAY": "81f453ae69274112-SIN"}, {"alt-svc": "h3=\":443\"; ma=86400"}]}, "/_next/static/media/urbanist-latin-ext-900-normal.34891fda.woff2": {"hash": "1e875afb5b5c7cf4153015e43b96c29c", "headers": [{"Content-Type": "font/woff2"}, {"last-modified": "Tue, 31 Oct 2023 11:22:06 GMT"}, {"CF-Cache-Status": "HIT"}, {"Accept-Ranges": "bytes"}, {"Report-To": "{\"endpoints\":[{\"url\":\"https:\\/\\/a.nel.cloudflare.com\\/report\\/v3?s=%2FLGid5QDEHrn%2B3F3ThmNwqFPpi7L5EXkEu3rXO7N%2Fia6VmA61MnhjDgAPpaLXpT%2B9Ww2J7uRr2Lx4ZNRX7Kc9m0zsPj3JH9xoxQaqnKbdbsk8QcUo93p6tkBgnRGfSM1wRgEog%3D%3D\"}],\"group\":\"cf-nel\",\"max_age\":604800}"}, {"NEL": "{\"success_fraction\":0,\"report_to\":\"cf-nel\",\"max_age\":604800}"}, {"Vary": "Accept-Encoding"}, {"Server": "cloudflare"}, {"CF-RAY": "81f453ae99664112-SIN"}, {"alt-svc": "h3=\":443\"; ma=86400"}]}, "/_next/static/media/urbanist-all-900-normal.b49ed1a9.woff": {"hash": "1ba6f5b37b42b3f019930ab9312214ef", "headers": [{"Content-Type": "font/woff"}, {"last-modified": "Tue, 31 Oct 2023 11:22:06 GMT"}, {"CF-Cache-Status": "HIT"}, {"Accept-Ranges": "bytes"}, {"Report-To": "{\"endpoints\":[{\"url\":\"https:\\/\\/a.nel.cloudflare.com\\/report\\/v3?s=I37x%2FOoLqox50LAXIbe33mw4YSjiTPbzAJ7Vksh4VJb47PV5tdDOeodBBBpL1oAW%2B7wqKmX%2BU4GyQ4p1vfJrVPJpZxv5CFtaaCNpMxGt65OObSjmbc04yMR6H0y%2FuGaJ4ixedA%3D%3D\"}],\"group\":\"cf-nel\",\"max_age\":604800}"}, {"NEL": "{\"success_fraction\":0,\"report_to\":\"cf-nel\",\"max_age\":604800}"}, {"Vary": "Accept-Encoding"}, {"Server": "cloudflare"}, {"CF-RAY": "81f453aec9a14112-SIN"}, {"alt-svc": "h3=\":443\"; ma=86400"}]}, "/_next/static/media/urbanist-latin-900-normal.d6558de6.woff2": {"hash": "c91313d72b0cfdc38f814e91ffcf8d35", "headers": [{"Content-Type": "font/woff2"}, {"last-modified": "Tue, 31 Oct 2023 11:22:06 GMT"}, {"CF-Cache-Status": "HIT"}, {"Accept-Ranges": "bytes"}, {"Report-To": "{\"endpoints\":[{\"url\":\"https:\\/\\/a.nel.cloudflare.com\\/report\\/v3?s=QhEOeg%2FiXgILUa8gS1YPpDrBojzsc75pgCrZZEB%2B1Vk5q5VEp0l5k2ctlDeQuqklVeXNpWDE3XAzsl7%2Fuz0fvFx%2FjmqksZa%2Fg4mRE2y2qHIJRtG78rdv0gXbIRnubmboWSejtQ%3D%3D\"}],\"group\":\"cf-nel\",\"max_age\":604800}"}, {"NEL": "{\"success_fraction\":0,\"report_to\":\"cf-nel\",\"max_age\":604800}"}, {"Vary": "Accept-Encoding"}, {"Server": "cloudflare"}, {"CF-RAY": "81f453aef9e54112-SIN"}, {"alt-svc": "h3=\":443\"; ma=86400"}]}, "/_next/static/media/odibee-sans-latin-400-normal.327f6e4b.woff2": {"hash": "a563c505de16d74713f9b7b95000efe3", "headers": [{"Content-Type": "font/woff2"}, {"last-modified": "Tue, 31 Oct 2023 11:22:06 GMT"}, {"CF-Cache-Status": "HIT"}, {"Accept-Ranges": "bytes"}, {"Report-To": "{\"endpoints\":[{\"url\":\"https:\\/\\/a.nel.cloudflare.com\\/report\\/v3?s=lj1scnGss3Cd6zYiY54YGhZ4ZREO3Q70D0Fv%2BvIRKZCpaIoXqhSii3gYpVAj%2F4A83w3ikTVO9oqXRVym0r%2BvV7SaJ6iq5PqI9NrAscTjzbkvidJlTak5bA8%2FktYxCrCxmReW8w%3D%3D\"}],\"group\":\"cf-nel\",\"max_age\":604800}"}, {"NEL": "{\"success_fraction\":0,\"report_to\":\"cf-nel\",\"max_age\":604800}"}, {"Vary": "Accept-Encoding"}, {"Server": "cloudflare"}, {"CF-RAY": "81f453af2a2d4112-SIN"}, {"alt-svc": "h3=\":443\"; ma=86400"}]}, "/_next/static/media/odibee-sans-latin-400-normal.9ee1df53.woff": {"hash": "ba18b063011403acfec24aa2e6f6dc13", "headers": [{"Content-Type": "font/woff"}, {"last-modified": "Tue, 31 Oct 2023 11:22:06 GMT"}, {"CF-Cache-Status": "HIT"}, {"Accept-Ranges": "bytes"}, {"Report-To": "{\"endpoints\":[{\"url\":\"https:\\/\\/a.nel.cloudflare.com\\/report\\/v3?s=XbmuckLyaXpdsqn2g06uXNXCqI3VO6qdNm6VpXUM9Xj%2ByxewSDolfUF2gvMugJR243fd0OdbHeXGYkLQ4zp1M9YYO32g57CeVwvDyW3Kjod%2BXbs8neAABFsK5Cf%2BOU0XNqTD%2BA%3D%3D\"}],\"group\":\"cf-nel\",\"max_age\":604800}"}, {"NEL": "{\"success_fraction\":0,\"report_to\":\"cf-nel\",\"max_age\":604800}"}, {"Vary": "Accept-Encoding"}, {"Server": "cloudflare"}, {"CF-RAY": "81f453af5a674112-SIN"}, {"alt-svc": "h3=\":443\"; ma=86400"}]}, "/widget/static/js/1.f27a73f2.chunk.js": {"hash": "1149b633804483ccbc6d2a707a2d8213", "headers": [{"Last-Modified": "Tue, 17 Oct 2023 10:51:30 GMT"}, {"x-amz-server-side-encryption": "AES256"}, {"x-amz-version-id": "Qc6hIXPtC1lqIJUEVP6dcU0dIRvY5mF1"}, {"Server": "AmazonS3"}, {"Vary": "Accept-Encoding"}, {"X-Amz-Cf-Pop": "SIN2-P2"}, {"X-Amz-Cf-Id": "Zcw16tzR1c9L94YZkIq9nWJH6iAwjpKjkBaAsWPEILj6LA5dUqGEfg=="}, {"Content-Type": "application/javascript; charset=utf-8"}, {"Access-Control-Allow-Origin": "*"}]}, "/widget/static/js/0.20694fc3.chunk.js": {"hash": "4ae068a75c88fe3b58027ed41d3bb1f1", "headers": [{"Last-Modified": "Fri, 07 Jul 2023 08:25:43 GMT"}, {"x-amz-server-side-encryption": "AES256"}, {"x-amz-version-id": "Q.Qu7p2R8XiYG33yo2kVRZATAaGZbIsd"}, {"Server": "AmazonS3"}, {"Vary": "Accept-Encoding"}, {"X-Amz-Cf-Pop": "SIN2-P1"}, {"X-Amz-Cf-Id": "MYA6gKkqfgdAnBJxq5Trf637Rk-QGKF1grXvTecNUdO4ktIDLvwyaQ=="}, {"Content-Type": "application/javascript; charset=utf-8"}, {"Access-Control-Allow-Origin": "*"}]}, "/widget/static/js/iframe.92727ec7.chunk.js": {"hash": "4fd88342d7464262dbf5558260ba3627", "headers": [{"Last-Modified": "Mon, 30 Oct 2023 09:42:24 GMT"}, {"x-amz-server-side-encryption": "AES256"}, {"x-amz-version-id": "AJJ8jHuQpmtX6geIKE92fzZWg0U1dAyp"}, {"Server": "AmazonS3"}, {"Vary": "Accept-Encoding"}, {"X-Amz-Cf-Pop": "SIN2-P1"}, {"X-Amz-Cf-Id": "Qfm0BPhoY3_CdFLZl5ikJFr08dz9lJXh4GWWLPrvk9A1ltIosj5QGQ=="}, {"Content-Type": "application/javascript; charset=utf-8"}, {"Access-Control-Allow-Origin": "*"}]}}